,DATE,TAVG,TMAX,TMIN,PRCP
0,1989-01,42.9,53.8,31.9,0.48
1,1989-02,48.7,58.7,38.8,1.18
2,1989-03,57.9,68.7,47.1,2.24
3,1989-04,67.2,81.8,52.7,0.05
4,1989-05,69.5,83.4,55.7,0.89
5,1989-06,77.0,92.3,61.7,0.0
6,1989-07,82.5,99.2,65.7,0.0
7,1989-08,79.2,95.3,63.1,0.03
8,1989-09,74.2,89.1,59.4,1.11
9,1989-10,65.3,79.1,51.4,0.42
10,1989-11,54.3,68.8,39.8,0.5
11,1989-12,43.8,54.7,32.9,0.0
12,1990-01,45.5,56.0,35.0,2.82
13,1990-02,48.0,59.0,37.0,1.33
14,1990-03,57.3,69.3,45.3,0.67
15,1990-04,65.7,79.4,52.0,0.92
16,1990-05,68.1,82.1,54.1,1.65
17,1990-06,76.8,91.8,61.7,0.0
18,1990-07,84.0,99.3,68.7,0.0
19,1990-08,80.6,95.0,66.1,0.0
20,1990-09,75.8,90.6,61.0,0.15
21,1990-10,67.7,83.5,51.9,0.05
22,1990-11,52.9,66.9,38.9,0.46
23,1990-12,41.4,53.2,29.7,0.68
24,1991-01,47.0,57.5,36.4,0.13
25,1991-02,55.8,68.9,42.7,1.01
26,1991-03,51.5,60.3,42.7,7.24
27,1991-04,59.5,72.3,46.7,0.02
28,1991-05,66.1,80.0,52.2,0.03
29,1991-06,74.7,89.9,59.5,0.0
30,1991-07,83.7,99.1,68.4,0.0
31,1991-08,78.6,93.2,64.0,0.0
32,1991-09,79.8,95.6,64.1,0.0
33,1991-10,70.5,85.1,55.9,0.8
34,1991-11,55.8,68.0,43.5,0.04
35,1991-12,47.0,57.2,36.7,1.22
36,1992-01,42.7,48.8,36.6,1.94
37,1992-02,55.5,65.4,45.7,4.73
38,1992-03,58.8,68.4,49.1,2.14
39,1992-04,66.8,80.9,52.7,0.18
40,1992-05,76.0,90.9,61.2,0.0
41,1992-06,76.9,90.7,63.2,0.0
42,1992-07,81.2,95.6,66.9,0.22
43,1992-08,83.2,99.4,66.9,0.0
44,1992-09,76.9,92.9,61.0,0.0
45,1992-10,68.6,81.6,55.5,2.19
46,1992-11,54.2,65.8,42.7,0.0
47,1992-12,45.3,53.5,37.1,2.68
48,1993-01,47.1,54.2,40.0,5.18
49,1993-02,51.9,61.2,42.5,2.44
50,1993-03,60.2,70.9,49.6,1.76
51,1993-04,61.7,74.2,49.2,0.2
52,1993-05,69.9,83.9,55.9,0.25
53,1993-06,75.7,90.3,61.0,1.61
54,1993-07,80.2,95.3,65.1,0.0
55,1993-08,79.7,95.2,64.1,0.0
56,1993-09,75.7,92.0,59.4,0.0
57,1993-10,67.7,81.4,54.1,0.13
58,1993-11,53.9,66.6,41.2,1.17
59,1993-12,45.6,53.4,37.7,1.03
60,1994-01,46.9,57.5,36.2,1.15
61,1994-02,49.9,60.6,39.2,1.92
62,1994-03,59.3,72.0,46.6,0.52
63,1994-04,63.2,76.3,50.1,1.36
64,1994-05,68.4,81.2,55.7,1.3
65,1994-06,77.7,94.4,61.1,0.0
66,1994-07,83.3,99.4,67.2,0.0
67,1994-08,82.3,99.3,65.2,0.0
68,1994-09,75.3,89.9,60.7,0.2
69,1994-10,64.7,78.2,51.2,0.77
70,1994-11,48.1,58.1,38.0,1.57
71,1994-12,45.3,52.1,38.5,1.33
72,1995-01,51.9,58.8,45.0,5.43
73,1995-02,54.1,61.8,46.3,0.94
74,1995-03,56.2,66.1,46.2,5.89
75,1995-04,60.7,72.8,48.5,1.09
76,1995-05,66.2,79.1,53.3,1.19
77,1995-06,73.3,88.5,58.0,0.66
78,1995-07,80.6,96.1,65.2,0.01
79,1995-08,82.5,98.2,66.8,0.0
80,1995-09,76.3,91.3,61.2,0.0
81,1995-10,66.7,81.6,51.9,0.0
82,1995-11,58.7,71.7,45.7,0.0
83,1995-12,50.5,58.7,42.3,2.08
84,1996-01,48.3,55.6,41.0,2.08
85,1996-02,54.3,62.8,45.7,3.57
86,1996-03,57.2,68.9,45.5,1.52
87,1996-04,63.6,77.0,50.2,1.17
88,1996-05,69.9,83.4,56.3,0.38
89,1996-06,77.7,93.2,62.3,0.08
90,1996-07,85.4,101.2,69.6,0.0
91,1996-08,83.4,99.2,67.6,0.0
92,1996-09,74.7,90.2,59.3,0.0
93,1996-10,64.1,77.1,51.2,1.97
94,1996-11,53.9,63.0,44.7,1.94
95,1996-12,49.1,55.8,42.3,4.28
96,1997-01,48.6,55.1,42.2,3.53
97,1997-02,50.3,60.6,39.9,0.17
98,1997-03,59.9,73.6,46.3,0.1
99,1997-04,63.5,77.7,49.3,0.0
100,1997-05,75.3,90.0,60.6,0.0
101,1997-06,75.8,89.4,62.2,0.01
102,1997-07,81.3,95.9,66.7,0.0
103,1997-08,80.6,95.1,66.1,0.0
104,1997-09,77.3,91.2,63.3,0.15
105,1997-10,63.8,77.6,49.9,0.07
106,1997-11,56.9,66.2,47.6,2.67
107,1997-12,44.7,52.8,36.6,0.99
108,1998-01,49.0,56.6,41.4,3.41
109,1998-02,50.0,57.4,42.5,4.91
110,1998-03,55.5,65.1,45.9,3.44
111,1998-04,59.0,70.1,47.8,1.26
112,1998-05,62.0,72.5,51.5,1.37
113,1998-06,71.5,83.8,59.2,1.93
114,1998-07,82.1,97.1,67.1,0.0
115,1998-08,84.0,99.5,68.6,0.0
116,1998-09,75.8,88.0,63.5,0.15
117,1998-10,63.1,76.1,50.0,0.16
118,1998-11,53.0,62.8,43.3,0.43
119,1998-12,42.8,53.1,32.4,0.62
120,1999-01,44.7,52.2,37.2,2.82
121,1999-02,49.9,60.1,39.7,1.19
122,1999-03,53.5,63.8,43.2,0.48
123,1999-04,58.5,70.5,46.4,0.93
124,1999-05,68.0,82.2,53.8,0.03
125,1999-06,75.9,90.9,60.9,0.2
126,1999-07,80.5,96.0,65.2,0.0
127,1999-08,78.3,93.1,63.6,0.01
128,1999-09,77.3,92.4,62.1,0.0
129,1999-10,68.7,84.0,53.3,0.0
130,1999-11,56.9,69.2,44.5,0.48
131,1999-12,47.0,59.1,35.0,0.03
132,2000-01,50.1,58.9,41.4,3.15
133,2000-02,53.8,62.8,44.8,6.12
134,2000-03,56.4,67.1,45.8,1.35
135,2000-04,64.1,77.4,50.8,1.16
136,2000-05,71.0,84.6,57.4,0.05
137,2000-06,79.8,94.4,65.2,0.56
138,2000-07,78.8,93.9,63.7,0.0
139,2000-08,81.2,96.1,66.3,0.0
140,2000-09,74.5,88.2,60.8,0.32
141,2000-10,63.9,74.4,53.3,2.45
142,2000-11,49.2,58.7,39.6,0.01
143,2000-12,47.7,57.4,38.1,0.07
144,2001-01,46.1,56.4,35.9,2.67
145,2001-02,48.7,57.2,40.1,2.23
146,2001-03,58.7,69.5,47.9,0.96
147,2001-04,58.6,70.2,46.9,1.87
148,2001-05,77.3,92.9,61.6,0.0
149,2001-06,79.7,95.4,64.0,0.0
150,2001-07,81.6,96.4,66.7,0.08
151,2001-08,81.9,97.6,66.1,0.0
152,2001-09,76.9,92.0,61.9,0.0
153,2001-10,68.4,81.8,55.1,0.29
154,2001-11,56.4,66.1,46.7,1.99
155,2001-12,47.4,54.6,40.1,1.96
156,2002-01,45.0,52.4,37.7,0.76
157,2002-02,52.2,63.8,40.5,0.4
158,2002-03,55.0,66.8,43.3,0.95
159,2002-04,62.8,75.1,50.4,0.21
160,2002-05,69.6,84.1,55.0,0.38
161,2002-06,78.1,93.7,62.4,0.02
162,2002-07,84.1,99.6,68.6,0.0
163,2002-08,80.0,96.1,63.9,0.0
164,2002-09,77.1,92.0,62.1,0.0
165,2002-10,65.2,78.3,52.1,0.0
166,2002-11,56.2,66.7,45.7,1.78
167,2002-12,49.3,57.9,40.7,2.25
168,2003-01,50.5,57.8,43.3,0.4
169,2003-02,51.1,60.7,41.4,1.22
170,2003-03,58.0,70.3,45.8,0.63
171,2003-04,58.6,68.8,48.4,2.84
172,2003-05,69.4,83.3,55.6,0.68
173,2003-06,78.3,93.9,62.8,0.0
174,2003-07,86.4,101.6,71.3,0.0
175,2003-08,81.4,96.3,66.6,0.04
176,2003-09,79.2,94.5,63.9,0.0
177,2003-10,69.8,84.6,55.0,0.0
178,2003-11,52.2,62.5,41.8,0.4
179,2003-12,49.3,57.3,41.2,2.93
180,2004-01,46.5,53.1,40.0,0.88
181,2004-02,50.5,59.4,41.6,1.69
182,2004-03,62.5,74.9,50.1,1.54
183,2004-04,65.8,79.5,52.0,0.03
184,2004-05,70.8,85.2,56.4,0.07
185,2004-06,77.4,92.4,62.4,0.0
186,2004-07,83.3,98.9,67.7,0.0
187,2004-08,81.3,96.7,65.9,0.0
188,2004-09,75.9,90.8,61.0,0.0
189,2004-10,64.0,74.7,53.3,2.45
190,2004-11,51.7,59.8,43.6,0.81
191,2004-12,46.5,53.3,39.7,3.16
192,2005-01,47.4,53.2,41.6,2.42
193,2005-02,54.4,62.8,45.9,2.31
194,2005-03,57.8,67.3,48.3,2.51
195,2005-04,59.6,71.4,47.7,0.56
196,2005-05,69.4,82.2,56.5,1.62
197,2005-06,73.7,87.9,59.4,0.01
198,2005-07,86.8,102.1,71.5,0.0
199,2005-08,84.0,99.3,68.7,0.0
200,2005-09,73.9,88.3,59.4,0.04
201,2005-10,65.9,78.2,53.5,0.05
202,2005-11,57.5,68.9,46.2,0.17
203,2005-12,51.0,58.3,43.7,1.99
204,2006-01,48.7,57.3,40.1,3.4
205,2006-02,52.4,64.1,40.7,0.54
206,2006-03,50.1,59.2,41.0,4.74
207,2006-04,59.7,68.9,50.4,3.28
208,2006-05,71.9,85.6,58.1,0.36
209,2006-06,80.6,95.4,65.9,0.0
210,2006-07,87.8,103.4,72.3,0.0
211,2006-08,80.1,96.0,64.3,0.0
212,2006-09,75.8,91.2,60.4,0.0
213,2006-10,63.9,76.4,51.4,0.08
214,2006-11,55.4,64.5,46.3,0.23
215,2006-12,47.1,57.4,36.7,1.33
216,2007-01,43.7,55.7,31.8,0.59
217,2007-02,51.4,60.8,42.0,2.29
218,2007-03,60.2,73.4,47.1,0.97
219,2007-04,62.9,75.5,50.3,0.49
220,2007-05,71.5,86.8,56.1,0.05
221,2007-06,77.9,93.7,62.2,0.0
222,2007-07,83.2,98.6,67.8,0.0
223,2007-08,82.8,98.4,67.2,0.02
224,2007-09,73.7,87.2,60.2,0.02
225,2007-10,64.4,76.7,52.2,0.2
226,2007-11,57.3,69.0,45.7,0.09
227,2007-12,45.4,54.4,36.5,2.31
228,2008-01,46.9,55.1,38.8,3.32
229,2008-02,51.1,61.4,40.8,2.12
230,2008-03,56.9,69.0,44.9,0.02
231,2008-04,61.7,75.4,48.0,0.0
232,2008-05,70.3,83.7,56.9,0.3
233,2008-06,79.1,95.1,63.1,0.0
234,2008-07,83.8,98.9,68.7,0.01
235,2008-08,84.1,99.4,68.8,0.0
236,2008-09,78.0,94.0,61.9,0.0
237,2008-10,67.1,81.1,53.1,0.23
238,2008-11,57.5,67.6,47.3,1.37
239,2008-12,44.9,51.8,38.0,1.09
240,2009-01,47.7,57.1,38.2,1.02
241,2009-02,51.5,61.0,42.0,2.43
242,2009-03,56.0,67.8,44.1,0.24
243,2009-04,62.0,75.6,48.3,0.72
244,2009-05,75.3,89.4,61.2,0.46
245,2009-06,75.7,89.6,61.8,0.2
246,2009-07,85.0,101.1,68.9,0.0
247,2009-08,81.7,97.0,66.5,0.0
248,2009-09,79.7,94.5,64.9,0.01
249,2009-10,63.6,75.2,52.1,1.39
250,2009-11,54.1,66.2,42.0,0.2
251,2009-12,47.2,55.4,39.0,2.41
252,2010-01,48.6,55.5,41.7,2.06
253,2010-02,52.2,59.7,44.7,2.95
254,2010-03,55.4,66.7,44.1,0.96
255,2010-04,57.7,68.8,46.6,2.19
256,2010-05,65.1,78.0,52.2,0.21
257,2010-06,77.6,92.3,62.9,0.0
258,2010-07,83.0,98.9,67.2,0.0
259,2010-08,79.9,95.9,63.9,0.0
260,2010-09,76.9,92.2,61.5,0.0
261,2010-10,68.0,79.2,56.8,0.44
262,2010-11,53.8,64.2,43.4,1.8
263,2010-12,50.9,57.7,44.1,5.92
264,2011-01,46.6,52.5,40.6,1.71
265,2011-02,49.1,60.0,38.3,1.6
266,2011-03,55.4,65.1,45.8,3.46
267,2011-04,60.7,72.8,48.6,0.32
268,2011-05,65.1,78.7,51.5,0.35
269,2011-06,74.9,88.4,61.5,1.91
270,2011-07,82.0,96.9,67.1,0.0
271,2011-08,82.4,98.3,66.4,0.0
272,2011-09,80.3,94.6,65.9,0.0
273,2011-10,68.0,79.8,56.1,0.9
274,2011-11,53.5,63.0,43.9,0.67
275,2011-12,45.6,58.3,32.8,0.0
276,2012-01,49.3,61.0,37.5,1.38
277,2012-02,52.6,63.3,42.0,0.75
278,2012-03,56.2,67.4,44.9,2.43
279,2012-04,63.0,74.7,51.2,2.02
280,2012-05,72.3,87.2,57.5,0.0
281,2012-06,77.8,92.8,62.9,0.0
282,2012-07,83.4,98.9,67.8,0.0
283,2012-08,86.5,102.2,70.9,0.0
284,2012-09,81.3,96.8,65.9,0.0
285,2012-10,69.1,81.4,56.8,0.25
286,2012-11,58.3,68.8,47.7,1.11
287,2012-12,50.8,58.0,43.7,2.03
288,2013-01,47.1,58.0,36.2,0.58
289,2013-02,51.0,62.8,39.3,0.89
290,2013-03,62.1,74.6,49.6,0.65
291,2013-04,67.5,81.3,53.9,0.09
292,2013-05,73.0,86.6,59.5,0.07
293,2013-06,80.9,95.6,66.3,0.0
294,2013-07,87.1,102.3,71.9,0.0
295,2013-08,83.0,98.3,67.7,0.0
296,2013-09,77.8,91.5,64.2,0.01
297,2013-10,66.6,80.3,52.9,0.03
298,2013-11,58.5,70.5,46.4,0.54
299,2013-12,47.4,59.9,34.9,0.15
300,2014-01,53.2,66.8,39.5,0.57
301,2014-02,56.8,66.7,46.8,2.11
302,2014-03,62.3,74.3,50.4,0.62
303,2014-04,66.8,80.0,53.6,0.74
304,2014-05,74.2,88.3,60.2,0.04
305,2014-06,80.9,96.4,65.5,0.0
306,2014-07,86.9,101.2,72.6,0.01
307,2014-08,84.4,98.6,70.1,0.0
308,2014-09,80.7,94.6,66.9,0.18
309,2014-10,72.0,85.7,58.3,0.5
310,2014-11,57.7,67.9,47.5,0.4
311,2014-12,51.9,59.4,44.4,2.3
312,2015-01,49.0,57.5,40.5,0.21
313,2015-02,57.0,67.6,46.3,1.13
314,2015-03,64.0,77.7,50.3,0.06
315,2015-04,64.3,77.6,51.0,1.25
316,2015-05,68.5,81.5,55.5,0.57
317,2015-06,81.9,96.8,67.1,0.01
318,2015-07,83.1,96.8,69.3,0.43
319,2015-08,82.4,97.1,67.7,0.0
320,2015-09,78.7,92.4,65.0,0.12
321,2015-10,71.3,83.1,59.4,0.49
322,2015-11,52.0,62.5,41.5,1.74
323,2015-12,45.8,54.8,36.8,2.98
324,2016-01,50.0,57.7,42.3,4.43
325,2016-02,55.5,67.7,43.4,0.33
326,2016-03,58.7,69.2,48.2,2.94
327,2016-04,65.3,77.6,52.9,1.06
328,2016-05,71.3,84.5,58.2,0.29
329,2016-06,80.9,96.5,65.3,0.06
330,2016-07,84.0,100.0,68.0,0.0
331,2016-08,82.5,98.3,66.7,0.0
332,2016-09,76.1,91.3,60.9,0.0
333,2016-10,66.4,78.7,54.1,0.67
334,2016-11,57.5,68.8,46.3,1.38
335,2016-12,47.2,55.8,38.5,2.52
336,2017-01,48.1,55.6,40.5,5.5
337,2017-02,53.9,61.7,46.1,2.52
338,2017-03,58.7,70.3,47.2,1.08
339,2017-04,62.1,73.8,50.3,3.42
340,2017-05,71.0,84.0,57.9,0.12
341,2017-06,80.5,95.1,65.9,0.0
342,2017-07,86.5,101.9,71.1,0.0
343,2017-08,85.2,99.5,70.9,0.0
344,2017-09,77.2,90.1,64.2,0.16
345,2017-10,65.7,79.9,51.4,0.09
346,2017-11,58.0,68.3,47.6,0.28
347,2017-12,48.0,60.5,35.5,0.04
348,2018-01,52.6,61.4,43.7,1.23
349,2018-02,53.2,65.6,40.8,0.26
350,2018-03,56.8,67.4,46.3,4.19
351,2018-04,64.9,77.6,52.3,0.64
352,2018-05,70.9,84.1,57.7,0.0
353,2018-06,79.4,94.6,64.1,0.0
354,2018-07,88.2,102.8,73.7,0.0
355,2018-08,83.0,98.5,67.5,0.0
356,2018-09,78.0,92.9,63.0,0.0
357,2018-10,68.1,80.7,55.5,0.1
358,2018-11,57.8,69.2,46.4,1.67
359,2018-12,50.0,56.8,43.1,0.56
360,2019-01,52.5,61.0,44.0,2.23
361,2019-02,49.2,57.3,41.1,3.26
362,2019-03,57.4,67.4,47.4,1.27
363,2019-04,67.1,79.3,54.8,0.39
364,2019-05,66.6,77.1,56.2,2.38
365,2019-06,80.7,94.3,67.1,0.0
366,2019-07,84.2,99.0,69.5,0.0
367,2019-08,84.8,99.5,70.1,0.0
368,2019-09,77.2,90.5,63.9,0.0
369,2019-10,65.5,79.3,51.6,0.0
370,2019-11,57.9,70.4,45.4,0.72
371,2019-12,51.0,58.3,43.6,2.16
372,2020-01,49.0,57.2,40.7,0.66
373,2020-02,55.0,68.2,41.8,0.0
374,2020-03,56.6,66.4,46.9,2.33
375,2020-04,64.1,75.1,53.1,1.65
376,2020-05,73.4,87.0,59.9,0.12
377,2020-06,79.5,93.6,65.4,0.0
378,2020-07,84.6,99.9,69.4,0.0
379,2020-08,86.2,100.4,72.0,0.0
380,2020-09,79.8,93.0,66.6,0.0
381,1989-01,48.5,62.9,34.1,0.52
382,1989-02,50.3,62.3,38.2,1.17
383,1989-03,57.4,70.9,43.9,0.59
384,1989-04,62.9,79.1,46.7,0.11
385,1989-05,62.3,77.1,47.4,0.01
386,1989-06,66.9,82.0,51.8,0.0
387,1989-07,67.4,83.5,51.3,0.0
388,1989-08,,,,0.0
389,1989-09,70.5,85.0,55.9,2.29
390,1989-10,,,,0.34
391,1989-12,,,,0.0
392,1990-01,49.1,63.4,34.8,1.19
393,1990-02,49.5,63.4,35.5,1.04
394,1990-03,56.3,70.4,42.1,0.31
395,1990-04,61.4,77.2,45.6,0.03
396,1990-05,61.8,77.7,45.9,0.88
397,1990-06,66.3,83.5,49.2,0.0
398,1990-07,70.5,86.5,54.5,0.0
399,1990-08,69.3,83.5,55.1,0.0
400,1990-09,67.4,84.2,50.7,0.11
401,1990-10,64.3,83.3,45.3,0.0
402,1990-11,54.0,71.1,36.9,0.1
403,1990-12,43.8,59.7,27.9,0.53
404,1991-01,49.4,62.9,36.0,0.35
405,1991-02,56.9,72.2,41.6,1.94
406,1991-03,51.0,61.0,41.0,8.46
407,1991-04,57.3,72.7,41.8,0.15
408,1991-05,,,,0.0
409,1991-06,63.2,77.1,49.3,0.0
410,1991-07,68.8,83.3,54.4,0.0
411,1991-08,68.6,82.7,54.6,0.0
412,1991-09,69.5,86.3,52.7,0.11
413,1991-10,65.0,82.2,47.9,0.43
414,1991-11,55.5,72.4,38.7,0.05
415,1991-12,49.5,64.4,34.7,1.87
416,1992-01,48.7,63.4,34.0,1.02
417,1992-02,55.6,67.7,43.5,3.82
418,1992-03,56.5,67.0,45.9,3.2
419,1992-04,62.9,79.0,46.8,0.0
420,1992-05,66.2,81.1,51.4,0.0
421,1992-06,67.1,80.2,54.0,0.0
422,1992-07,70.6,85.5,55.7,0.0
423,1992-08,69.7,86.8,52.6,0.0
424,1992-09,67.5,85.3,49.6,0.0
425,1992-10,64.8,81.0,48.5,0.67
426,1992-11,54.6,70.8,38.4,0.0
427,1992-12,47.4,59.9,34.8,2.8
428,1993-01,48.6,59.1,38.0,5.8
429,1993-02,50.8,61.4,40.3,4.79
430,1993-03,58.6,71.5,45.7,2.65
431,1993-04,59.1,74.2,44.0,0.0
432,1993-05,64.1,79.8,48.5,0.2
433,1993-06,68.2,85.5,50.8,0.23
434,1993-07,68.0,82.8,53.1,0.0
435,1993-08,70.4,86.6,54.2,0.0
436,1993-09,67.2,84.4,49.9,0.0
437,1993-10,64.4,80.2,48.6,0.14
438,1993-11,54.2,69.5,38.9,1.11
439,1993-12,49.2,63.5,35.0,0.0
440,1994-01,,66.9,,1.21
441,1994-02,,63.1,,3.75
442,1994-03,,71.4,,0.57
443,1994-04,,72.0,,0.69
444,1994-05,60.6,74.1,47.1,0.95
445,1994-06,,83.7,,0.0
446,1994-07,66.1,80.0,52.2,0.0
447,1994-08,68.2,84.8,51.5,0.0
448,1994-09,66.3,81.3,51.3,0.09
449,1994-10,,76.5,,0.35
450,1994-11,,60.7,,1.49
451,1994-12,,58.4,,1.0
452,1995-01,,59.1,,6.13
453,1995-02,,64.5,,0.72
454,1995-03,54.7,66.5,43.0,7.65
455,1995-04,,70.1,,0.28
456,1995-05,,71.5,,0.46
457,1995-06,63.5,78.5,48.5,0.35
458,1995-07,68.9,85.2,52.6,0.0
459,1995-08,67.8,84.5,51.0,0.0
460,1995-09,66.5,82.9,50.0,0.0
461,1995-10,,78.9,,0.0
462,1995-11,58.5,74.6,42.5,0.05
463,1995-12,,61.5,,1.3
464,1996-01,,,38.7,2.71
465,1996-02,54.4,63.8,45.0,3.63
466,1996-03,55.8,70.1,41.5,1.58
467,1996-04,59.5,76.2,42.8,0.71
468,1996-05,60.2,76.1,44.4,0.48
469,1996-06,65.2,82.1,48.3,0.0
470,1996-07,69.6,86.5,52.8,0.0
471,1996-08,67.7,84.3,51.0,0.0
472,1996-09,64.5,81.0,48.1,0.0
473,1996-10,59.8,75.8,43.8,2.49
474,1996-11,53.5,66.2,40.9,1.19
475,1996-12,50.8,61.6,40.0,4.63
476,1997-01,50.2,59.3,41.1,4.13
477,1997-02,50.9,64.5,37.3,0.11
478,1997-03,56.3,73.4,39.2,0.05
479,1997-04,58.7,74.0,43.4,0.1
480,1997-05,67.5,85.0,50.1,0.0
481,1997-06,65.5,80.9,50.2,0.03
482,1997-07,68.2,83.2,53.2,0.0
483,1997-08,70.3,85.3,55.3,0.0
484,1997-09,70.4,87.7,53.0,0.0
485,1997-10,60.9,77.7,44.0,0.1
486,1997-11,57.4,68.9,45.9,3.28
487,1997-12,47.7,59.5,36.0,3.7
488,1998-01,51.2,61.1,41.4,2.74
489,1998-02,49.7,58.6,40.8,10.5
490,1998-03,54.2,65.7,42.8,1.98
491,1998-04,56.2,69.1,43.3,1.79
492,1998-05,58.5,70.2,46.8,2.11
493,1998-06,64.4,76.5,52.3,0.05
494,1998-07,68.6,83.3,54.0,0.0
495,1998-08,71.1,88.3,53.9,0.0
496,1998-10,61.3,79.4,43.1,0.1
497,1998-11,53.6,67.1,40.2,2.02
498,1998-12,,,32.1,0.48
499,1999-01,51.8,67.2,36.4,0.77
500,1999-02,50.9,64.1,37.7,0.99
501,1999-03,52.2,64.7,39.8,2.61
502,1999-04,,,41.4,1.02
503,1999-05,60.4,75.8,45.0,0.02
504,1999-06,64.6,81.1,48.1,0.0
505,1999-07,68.1,84.0,52.2,0.0
506,1999-09,68.0,84.7,51.3,0.47
507,1999-10,,,45.6,0.0
508,1999-11,56.3,70.5,42.1,1.29
509,1999-12,49.6,66.8,32.3,0.08
510,2000-01,52.4,63.9,40.9,2.72
511,2000-02,54.7,64.9,44.4,4.64
512,2000-03,55.7,70.3,41.0,1.12
513,2000-04,,,45.2,1.08
514,2000-05,,,49.6,0.02
515,2000-06,69.6,86.5,52.7,0.4
516,2000-07,66.8,81.9,51.6,0.0
517,2000-08,69.3,86.5,52.1,0.17
518,2000-09,,,51.3,0.0
519,2000-10,61.4,74.8,47.9,1.36
520,2000-11,50.5,65.7,35.3,0.0
521,2000-12,52.7,68.8,36.6,0.18
522,2001-01,48.4,62.8,33.9,4.25
523,2001-02,50.2,62.0,38.3,3.78
524,2001-03,58.0,71.8,44.2,2.49
525,2001-04,,,41.4,0.68
526,2001-05,68.5,88.1,49.0,0.0
527,2001-06,69.7,88.8,50.6,0.0
528,2001-07,68.3,82.6,54.1,0.0
529,2001-08,69.0,85.6,52.3,0.0
530,2001-09,67.4,83.5,51.3,0.02
531,2001-10,,,48.2,0.11
532,2001-11,57.4,69.9,45.0,1.82
533,2001-12,50.6,60.8,40.3,2.24
534,2002-01,46.7,59.7,33.6,0.56
535,2002-02,54.0,70.5,37.5,0.6
536,2002-03,55.0,71.2,38.8,0.58
537,2002-04,,,45.4,0.47
538,2002-05,,,45.5,0.3
539,2002-06,,,49.9,0.0
540,2002-07,69.7,86.2,53.2,0.0
541,2002-08,69.3,85.4,53.1,0.0
542,2002-09,69.1,86.7,51.6,0.0
543,2002-10,,,45.0,0.0
544,2002-11,57.7,73.3,42.1,1.72
545,2002-12,,,40.7,5.04
546,2003-01,55.3,68.9,41.7,0.4
547,2003-02,,,38.3,1.63
548,2003-03,57.1,72.9,41.2,0.32
549,2003-04,,,41.9,0.87
550,2003-05,63.4,79.3,47.5,1.19
551,2003-06,68.0,84.4,51.6,0.0
552,2003-07,71.2,89.5,52.9,0.1
553,2003-08,70.0,85.4,54.6,0.12
554,2003-09,70.3,87.8,52.9,0.0
555,2003-11,52.7,67.1,38.2,0.18
556,2003-12,51.5,62.1,40.8,3.72
557,2004-01,,,38.7,0.69
558,2004-02,51.8,63.6,40.1,4.13
559,2004-03,61.3,78.1,44.6,0.26
560,2004-04,61.1,78.4,43.8,0.0
561,2004-05,63.7,80.9,46.5,0.0
562,2004-06,66.3,83.0,49.7,0.0
563,2004-07,70.1,85.7,54.6,0.0
564,2004-08,69.8,85.5,54.2,0.0
565,2004-09,,,48.3,0.0
566,2004-10,61.6,76.6,46.5,3.38
567,2004-11,52.8,66.2,39.4,0.54
568,2004-12,50.1,63.3,36.9,5.1
569,2005-01,51.2,62.3,40.0,3.14
570,2005-02,55.0,65.8,44.3,3.92
571,2005-03,57.7,71.1,44.4,1.42
572,2005-04,,,42.0,0.78
573,2005-05,64.0,79.4,48.6,0.6
574,2005-06,64.7,79.9,49.5,0.05
575,2005-07,71.3,88.0,54.6,0.02
576,2005-08,70.6,87.6,53.6,0.01
577,2005-09,66.2,83.1,49.3,0.01
578,2005-10,,,44.9,0.0
579,2005-11,58.4,74.9,42.0,0.48
580,2005-12,52.8,64.1,41.6,2.5
581,2006-01,50.4,63.4,37.4,2.92
582,2006-02,,,36.8,1.78
583,2006-03,,,38.7,3.12
584,2006-04,,,45.9,3.22
585,2006-05,65.0,81.3,48.7,1.01
586,2006-06,69.9,87.4,52.5,0.0
587,2006-07,73.3,92.2,54.5,0.0
588,2006-08,68.7,84.8,52.5,0.0
589,2006-09,67.0,84.2,49.8,0.0
590,2006-10,,,43.8,0.38
591,2006-11,55.9,70.1,41.8,0.52
592,2006-12,48.6,62.8,34.3,1.25
593,2007-01,46.6,62.1,31.1,0.64
594,2007-02,52.8,65.5,40.1,1.44
595,2007-03,,,41.6,0.39
596,2007-04,59.3,75.4,43.2,0.65
597,2007-05,62.7,79.1,46.4,0.0
598,2007-06,66.7,84.2,49.3,0.0
599,2007-07,69.6,85.1,54.1,0.0
600,2007-08,70.1,86.6,53.6,0.0
601,2007-09,66.6,82.4,50.8,0.21
602,2007-10,,,45.0,0.54
603,2007-11,56.2,72.3,40.1,0.02
604,2007-12,47.3,60.5,34.2,0.43
605,2008-01,48.9,59.7,38.1,6.35
606,2008-02,51.9,65.0,38.7,1.23
607,2008-03,,,40.0,0.17
608,2008-04,,,41.1,0.37
609,2008-05,62.3,79.2,45.4,0.06
610,2008-06,67.8,86.4,49.3,0.0
611,2008-07,69.9,86.1,53.6,0.0
612,2008-08,70.1,87.3,53.0,0.0
613,2008-09,69.3,88.2,50.5,0.0
614,2008-10,64.6,84.0,45.2,0.07
615,2008-11,59.9,75.1,44.7,0.57
616,2008-12,48.0,60.9,35.1,0.59
617,2009-01,52.6,69.5,35.7,0.91
618,2009-02,52.8,65.0,40.6,2.77
619,2009-03,,,40.9,0.82
620,2009-04,59.0,75.0,43.0,0.14
621,2009-05,65.3,80.8,49.8,0.1
622,2009-06,66.8,81.6,51.9,0.03
623,2009-07,69.6,86.1,53.0,0.0
624,2009-08,70.0,86.8,53.1,0.0
625,2009-09,70.3,88.8,51.9,0.09
626,2009-10,,,46.7,2.46
627,2009-11,54.4,70.8,38.1,0.09
628,2009-12,,,38.0,1.39
629,2010-01,52.7,63.1,42.3,4.7
630,2010-02,54.2,64.7,43.6,2.78
631,2010-03,,,40.2,0.65
632,2010-04,,,42.7,1.9
633,2010-05,,,45.4,0.13
634,2010-06,,,51.3,0.01
635,2010-07,67.2,81.9,52.6,0.0
636,2010-08,67.4,82.8,52.0,0.0
637,2010-09,,,51.1,0.0
638,2010-10,64.2,79.2,49.2,0.69
639,2010-11,53.4,67.6,39.3,1.32
640,2010-12,52.5,61.9,43.1,2.93
641,2011-01,51.6,66.0,37.2,
642,2011-02,,,36.8,
643,2011-03,,,42.5,
644,2011-04,,,43.0,
645,2011-05,,,44.9,
646,2011-06,65.2,79.5,50.9,
647,2011-07,68.4,83.0,53.8,0.0
648,2011-08,67.4,81.8,53.0,0.0
649,2011-09,69.2,86.0,52.3,
650,2011-10,,,48.3,
651,2011-11,53.2,65.9,40.4,
652,2011-12,47.9,64.2,31.5,
653,2012-01,,,35.0,
654,2012-02,,,38.0,
655,2012-03,,,41.3,
656,2012-04,,,44.7,
657,2012-05,,,46.1,
658,2012-06,65.4,81.6,49.1,
659,2012-07,67.9,83.1,52.7,0.0
660,2012-08,68.8,84.5,53.1,
661,2012-09,66.9,83.7,50.0,
662,2012-11,58.0,72.5,43.6,2.12
663,2012-12,49.9,59.2,40.5,2.75
664,2013-01,48.5,63.1,33.9,0.71
665,2013-02,50.1,65.8,34.4,0.18
666,2013-03,58.4,74.4,42.4,0.55
667,2013-04,61.7,78.2,45.2,0.04
668,2013-05,63.9,80.2,47.7,0.0
669,2013-06,68.5,84.7,52.2,0.0
670,2013-07,69.2,84.5,54.0,0.0
671,2013-08,68.9,83.6,54.2,0.0
672,2013-09,68.0,84.3,51.7,0.01
673,2013-10,60.5,77.9,43.2,0.06
674,2013-11,56.2,71.9,40.5,0.24
675,2013-12,48.2,65.8,30.6,0.01
676,2014-01,55.4,73.0,37.8,0.11
677,2014-02,54.2,67.3,41.1,2.82
678,2014-03,59.1,73.8,44.5,1.15
679,2014-04,61.5,76.9,46.0,1.07
680,2014-05,65.2,81.6,48.8,0.0
681,2014-06,67.1,83.3,51.0,0.0
682,2014-07,70.5,85.4,55.6,0.0
683,2014-08,70.9,85.3,56.4,0.0
684,2014-09,69.4,83.8,54.9,0.01
685,2014-10,66.7,84.7,48.6,0.28
686,2014-11,58.0,72.0,43.9,1.34
687,2014-12,53.8,62.5,45.1,4.83
688,2015-01,52.8,68.3,37.4,0.06
689,2015-02,57.3,71.6,43.1,1.3
690,2015-03,60.6,78.4,42.9,0.1
691,2015-04,59.3,75.4,43.1,0.76
692,2015-05,60.6,73.8,47.5,0.3
693,2015-06,68.8,85.4,52.1,0.02
694,2015-07,71.3,86.3,56.3,0.16
695,2015-08,71.7,88.0,55.5,0.0
696,2015-09,71.8,89.0,54.6,0.04
697,2015-10,68.0,83.7,52.4,0.19
698,2015-11,51.4,65.6,37.3,1.63
699,2015-12,47.2,59.4,35.0,1.02
700,2016-01,52.7,62.1,43.2,2.89
701,2016-02,57.4,74.4,40.5,1.12
702,2016-03,57.1,71.2,43.0,2.94
703,2016-04,61.2,76.6,45.8,0.35
704,2016-05,63.3,78.3,48.3,0.26
705,2016-06,69.0,87.1,51.0,0.0
706,2016-07,68.6,85.7,51.6,0.0
707,2016-08,67.5,81.9,53.0,0.0
708,2016-09,68.1,85.4,50.9,0.0
709,2016-10,62.8,78.5,47.1,0.94
710,2016-11,57.6,72.0,43.2,0.76
711,2016-12,49.7,62.1,37.2,1.27
712,2017-01,49.3,59.8,38.9,7.15
713,2017-02,54.0,62.7,45.3,4.37
714,2017-03,58.0,72.4,43.6,1.0
715,2017-04,60.0,74.2,45.7,0.6
716,2017-05,65.0,80.2,49.9,0.06
717,2017-06,67.5,83.8,51.3,0.0
718,2017-07,71.2,88.2,54.1,0.02
719,2017-08,71.2,86.3,56.1,0.02
720,2017-09,71.6,87.6,55.5,0.03
721,2017-10,64.0,82.9,45.1,0.06
722,2017-11,58.3,72.5,44.1,0.45
723,2017-12,50.4,69.1,31.8,0.07
724,2018-01,54.2,66.5,42.0,2.67
725,2018-02,51.8,68.4,35.2,0.13
726,2018-03,55.0,67.6,42.5,4.0
727,2018-04,59.4,74.3,44.4,0.34
728,2018-05,63.1,77.6,48.6,0.02
729,2018-06,67.4,83.5,51.3,0.0
730,2018-07,72.0,88.7,55.3,0.0
731,2018-08,70.0,86.2,53.8,0.0
732,2018-09,65.7,83.0,48.5,0.0
733,2018-10,63.5,80.8,46.2,0.1
734,2018-11,56.3,73.3,39.2,2.11
735,2018-12,50.7,62.1,39.4,1.89
736,2019-01,52.2,63.2,41.3,4.51
737,2019-02,48.6,58.0,39.1,4.77
738,2019-03,54.6,67.8,41.5,1.87
739,2019-04,62.0,76.4,47.6,0.23
740,2019-05,61.3,73.7,48.8,1.29
741,2019-06,69.3,84.6,54.0,0.03
742,2019-07,69.5,85.3,53.8,0.0
743,2019-08,71.6,88.3,54.9,0.0
744,2019-09,69.1,85.9,52.2,0.02
745,2019-10,61.4,81.7,41.0,0.0
746,2019-11,56.3,73.1,39.5,1.43
747,2019-12,50.5,60.6,40.4,6.2
748,2020-01,49.5,61.8,37.3,0.61
749,2020-02,53.0,69.3,36.8,0.03
750,2020-03,53.8,65.4,42.2,2.99
751,2020-04,59.8,72.8,46.7,1.8
752,2020-05,66.5,83.3,49.8,0.2
753,2020-06,68.6,84.2,52.9,0.0
754,2020-07,69.0,83.9,54.0,0.0
755,2020-08,72.4,87.3,57.6,0.02
756,1989-01,25.8,35.6,16.0,0.48
757,1989-02,26.2,36.8,15.5,1.46
758,1989-03,43.1,52.9,33.4,3.13
759,1989-04,51.9,67.8,36.1,0.17
760,1989-05,53.5,68.9,38.2,2.06
761,1989-06,65.4,81.5,49.3,1.22
762,1989-07,68.0,88.6,47.4,0.0
763,1989-08,65.2,83.4,47.0,0.44
764,1989-09,59.6,77.1,42.1,1.6
765,1989-10,47.6,62.8,32.4,1.58
766,1989-11,38.6,54.0,23.3,1.26
767,1989-12,31.9,45.4,18.4,0.0
768,1990-01,33.2,42.7,23.7,1.17
769,1990-02,26.8,38.8,14.8,1.36
770,1990-03,43.4,57.6,29.2,0.09
771,1990-04,53.9,68.8,39.0,0.22
772,1990-05,53.0,67.3,38.7,1.1
773,1990-06,61.5,79.0,44.1,0.12
774,1990-07,,,,
775,1990-08,68.5,88.4,48.6,0.23
776,1990-09,61.4,83.0,39.8,0.34
777,1992-06,63.6,81.9,45.3,0.48
778,1992-07,66.7,87.6,45.8,0.17
779,1992-08,68.2,90.6,45.8,0.51
780,1992-09,59.9,81.8,38.0,0.09
781,1992-10,51.1,70.3,32.0,1.27
782,1992-11,35.8,51.3,20.4,0.02
783,1992-12,25.2,38.1,12.4,5.57
784,1993-01,,31.9,,
785,1993-02,,,,
786,1993-03,41.1,54.1,28.1,0.97
787,1993-04,44.8,59.7,30.0,0.22
788,1993-05,53.5,70.6,36.3,0.57
789,1993-06,56.7,75.2,38.3,0.42
790,1993-07,62.7,84.6,40.8,0.09
791,1993-08,63.1,85.5,40.7,0.12
792,1993-09,58.0,81.6,34.4,0.13
793,1993-10,49.0,66.8,31.2,1.91
794,1993-11,32.1,49.4,14.8,0.93
795,1994-01,30.8,46.7,14.9,0.08
796,1994-02,30.5,45.3,15.7,1.98
797,1994-03,41.9,59.1,24.7,0.92
798,1994-04,46.4,64.5,28.3,0.04
799,1994-05,54.1,72.0,36.2,1.83
800,1994-06,,82.3,,0.12
801,1994-07,,,,0.17
802,1994-08,65.1,91.3,39.0,0.0
803,1994-09,59.3,82.8,35.7,0.14
804,1995-07,66.4,85.9,46.9,1.13
805,1995-08,65.7,86.6,44.9,0.0
806,1995-09,62.4,83.1,41.6,0.0
807,1995-10,50.3,70.1,30.6,0.0
808,1995-11,44.4,61.2,27.6,0.17
809,1995-12,36.8,48.0,25.6,4.29
810,1996-01,,46.2,,3.04
811,1996-02,38.4,48.8,27.9,3.57
812,1996-03,42.5,56.3,28.6,3.15
813,1996-04,,,,
814,1996-05,52.6,68.9,36.4,1.86
815,1996-06,64.0,82.9,45.1,0.16
816,1996-07,,,,
817,1996-10,,,,
818,1996-11,42.0,52.1,32.0,1.44
819,1996-12,36.3,44.2,28.3,
820,1997-01,33.3,40.8,25.8,5.12
821,1997-02,37.0,47.0,27.0,0.13
822,1997-03,45.7,59.1,32.2,0.56
823,1997-04,48.2,60.3,36.1,0.33
824,1997-05,60.5,76.1,44.9,
825,1997-06,,,,
826,1997-07,69.9,86.6,53.1,0.7
827,1997-08,70.0,88.1,51.9,0.0
828,1997-09,,,,
829,1997-12,,,,1.68
830,1998-01,36.2,43.7,28.7,3.04
831,1998-05,47.9,58.4,37.5,1.29
832,1998-06,,,,0.51
833,1998-08,,,,0.0
834,1998-09,,,,1.19
835,1998-10,,,,0.0
836,1998-11,,,,3.12
837,1999-01,,,,0.54
838,1999-02,36.3,45.3,27.2,3.32
839,1999-03,,,,0.2
840,1999-04,,,,0.18
841,1999-05,,,,0.1
842,1999-06,,,,0.42
843,1999-07,,,52.3,0.0
844,1999-08,,,,0.0
845,1999-10,,68.1,,1.4
846,1999-11,,,,0.66
847,1999-12,,,,0.0
848,2000-01,34.1,42.9,25.3,4.2
849,2000-08,69.1,85.9,52.3,0.0
850,2000-11,,46.8,,0.87
851,2000-12,,43.5,,0.0
852,2001-01,30.1,40.1,20.1,0.7
853,2001-02,33.3,42.5,24.1,0.95
854,2001-03,45.7,58.2,33.2,1.65
855,2001-04,44.5,56.6,32.5,0.58
856,2001-06,,,,0.0
857,2001-08,,,,0.0
858,2001-09,,,,0.2
859,2001-10,55.6,70.6,40.5,0.1
860,2001-11,,,,1.56
861,2001-12,,40.2,,
862,2002-01,,,,0.92
863,2002-02,,,27.4,0.15
864,2002-03,,,28.5,
865,2002-04,,,,
866,2002-05,56.2,71.0,41.3,0.06
867,2002-06,66.8,82.9,50.6,0.0
868,2002-07,74.4,91.2,57.7,0.0
869,2002-08,,,53.2,0.0
870,2002-09,,,,0.0
871,2002-10,50.8,66.0,35.7,0.0
872,2002-11,,,,2.81
873,2002-12,36.2,44.7,27.8,3.56
874,2003-01,41.4,51.2,31.7,3.56
875,2003-02,36.0,46.4,25.6,0.77
876,2003-03,44.0,54.4,33.5,2.55
877,2003-04,,,33.5,3.6
878,2003-05,54.6,67.8,41.5,0.0
879,2003-06,66.7,82.7,50.6,0.09
880,2003-07,76.0,92.6,59.3,0.49
881,2003-08,68.5,84.1,52.8,0.6
882,2004-01,,,22.4,0.4
883,2004-02,35.8,44.3,27.2,
884,2004-03,49.2,64.2,34.1,0.11
885,2005-01,24.2,31.3,17.0,2.57
886,2005-02,33.5,41.4,25.6,
887,2005-03,43.2,55.0,31.3,0.35
888,2005-04,46.4,58.7,34.1,
889,2005-05,55.0,67.3,42.7,0.9
890,2005-06,58.5,73.1,43.8,1.22
891,2005-07,73.1,90.1,56.0,0.0
892,2005-08,,,,0.0
893,2005-09,58.4,74.8,41.8,0.3
894,2005-10,51.2,65.4,36.9,0.66
895,2005-11,41.9,52.9,30.9,1.67
896,2005-12,35.3,42.8,27.8,3.92
897,2006-01,,42.2,,1.63
898,2006-02,35.0,47.0,23.0,4.96
899,2006-03,36.3,45.2,27.4,
900,2006-04,47.3,58.5,36.2,1.75
901,2006-05,56.9,72.2,41.7,0.51
902,2006-06,66.5,82.6,50.3,0.03
903,2006-07,72.4,88.9,55.9,0.0
904,2006-08,67.8,85.0,50.6,0.0
905,2006-11,40.2,51.1,29.3,1.1
906,2006-12,,,21.7,0.32
907,2007-01,28.3,41.1,15.4,0.32
908,2007-02,37.3,48.6,26.0,2.37
909,2007-03,46.5,61.3,31.7,0.44
910,2007-04,48.5,62.7,34.2,1.0
911,2007-05,56.6,72.8,40.3,0.06
912,2007-06,62.9,80.0,45.9,0.0
913,2007-07,71.9,90.0,53.7,0.0
914,2007-08,69.3,86.6,51.9,0.0
915,2007-12,31.1,40.7,21.5,0.83
916,2008-01,27.0,35.6,18.4,3.33
917,2008-02,32.8,43.5,22.1,1.85
918,2008-03,41.0,53.9,28.2,0.3
919,2008-04,45.2,60.3,30.1,0.0
920,2008-05,55.2,70.2,40.1,0.27
921,2008-06,62.5,79.8,45.3,0.0
922,2008-08,70.2,87.5,53.0,0.0
923,2008-09,63.4,81.4,45.4,0.0
924,2008-10,51.6,67.6,35.7,0.24
925,2008-11,43.3,55.2,31.4,0.17
926,2008-12,30.1,41.3,18.9,1.06
927,2009-01,34.5,46.5,22.5,0.58
928,2009-02,35.8,45.2,26.5,0.43
929,2009-03,39.3,51.5,27.0,4.07
930,2009-05,58.8,74.3,43.4,0.91
931,2009-06,61.3,75.5,47.1,0.45
932,2009-07,70.7,88.0,53.5,0.0
933,2009-08,68.9,85.6,52.2,0.0
934,2009-09,65.7,83.6,47.8,0.0
935,2009-10,49.2,63.0,35.4,2.5
936,2009-11,39.4,51.6,27.2,0.65
937,2009-12,23.2,32.0,14.4,2.49
938,2010-01,34.6,41.0,28.1,0.55
939,2010-02,38.7,48.6,28.9,0.0
940,2010-03,41.4,54.0,28.8,0.0
941,2010-04,42.8,54.9,30.7,0.0
942,2010-05,48.4,62.2,34.6,0.0
943,2010-06,62.5,78.3,46.6,
944,2010-07,71.2,88.2,54.2,
945,2010-08,67.3,83.6,51.0,
946,2010-09,61.8,79.3,44.3,
947,2010-10,,,40.8,
948,2010-11,38.7,50.8,26.6,
949,2010-12,36.5,44.3,28.8,
950,2011-01,34.0,44.5,23.4,
951,2011-02,32.0,44.0,20.0,
952,2011-03,39.5,49.3,29.7,
953,2011-04,45.2,57.5,32.8,
954,2011-05,49.5,61.7,37.3,
955,2011-06,60.5,74.9,46.1,
956,2011-07,67.8,84.2,51.4,
957,2011-08,68.4,85.2,51.7,
958,2011-09,65.8,82.8,48.8,
959,2011-10,52.4,68.0,36.9,
960,2011-11,38.3,51.9,24.8,
961,2011-12,32.1,46.1,18.1,
962,2012-01,,48.7,,
963,2012-02,,,23.2,
964,2012-03,40.8,51.6,29.9,
965,2012-04,,,34.4,
966,2012-05,55.3,71.2,39.3,0.0
967,2012-06,62.1,78.0,46.1,0.5
968,2012-07,70.0,87.2,52.9,0.2
969,2012-08,71.7,89.5,53.9,0.0
970,2012-09,65.7,83.9,47.5,0.0
971,2012-10,53.8,69.6,38.0,0.53
972,2012-11,42.8,54.0,31.6,3.69
973,2012-12,32.5,42.8,22.2,5.84
974,2013-01,20.5,31.3,9.6,0.4
975,2013-02,34.7,47.3,22.2,0.01
976,2013-03,44.4,59.5,29.4,0.26
977,2013-04,48.8,63.8,33.7,0.1
978,2013-05,56.1,70.4,41.8,0.15
979,2013-06,64.2,80.0,48.5,0.53
980,2013-07,72.7,90.3,55.1,0.8
981,2013-08,67.5,84.4,50.6,0.8
982,2013-09,61.5,76.9,46.0,0.08
983,2013-10,50.0,66.5,33.5,0.24
984,2013-11,41.0,54.0,28.0,0.63
985,2013-12,25.9,38.4,13.5,0.1
986,2014-01,37.0,51.2,22.8,0.86
987,2014-02,40.5,51.9,29.1,1.29
988,2014-03,43.1,55.3,31.0,2.12
989,2014-04,49.1,64.5,33.7,0.82
990,2014-05,56.4,72.7,40.1,0.93
991,2014-06,64.8,81.1,48.5,0.1
992,2014-07,74.7,91.3,58.0,0.0
993,2014-08,69.1,84.8,53.3,1.04
994,2014-09,63.6,79.7,47.5,0.0
995,2014-10,54.4,70.9,38.0,0.44
996,2014-11,42.2,54.6,29.8,1.11
997,2014-12,37.9,45.7,30.2,5.03
998,2015-01,36.8,48.2,25.3,0.0
999,2015-02,43.6,56.4,30.9,3.58
1000,2015-03,46.7,62.1,31.2,0.13
1001,2015-04,46.7,63.2,30.3,0.25
1002,2015-05,55.1,69.4,40.7,3.05
1003,2015-06,69.1,86.4,51.8,0.42
1004,2015-07,70.1,86.0,54.2,0.9
1005,2015-08,70.1,87.1,53.0,0.0
1006,2015-09,64.7,82.1,47.3,0.0
1007,2015-10,56.3,71.7,40.9,0.72
1008,2015-11,36.9,48.4,25.5,1.56
1009,2015-12,33.8,41.7,26.0,2.66
1010,2016-01,33.4,41.4,25.5,4.43
1011,2016-02,41.4,53.6,29.2,0.84
1012,2016-03,44.4,56.2,32.6,2.39
1013,2016-04,51.4,65.7,37.1,1.08
1014,2016-05,55.0,68.7,41.4,1.22
1015,2016-06,65.0,82.1,47.9,0.05
1016,2016-07,70.0,87.6,52.4,0.0
1017,2016-08,71.5,89.2,53.7,0.0
1018,2016-09,62.5,80.9,44.0,0.0
1019,2016-10,51.6,64.9,38.4,3.45
1020,2016-11,42.5,55.3,29.7,1.08
1021,2016-12,33.0,43.2,22.7,2.65
1022,2017-01,29.0,36.6,21.4,6.61
1023,2017-02,37.3,45.5,29.1,7.21
1024,2017-03,44.1,55.9,32.3,2.44
1025,2017-04,46.4,58.8,34.1,2.51
1026,2017-05,57.2,72.5,42.0,0.31
1027,2017-06,65.7,82.6,48.9,0.17
1028,2017-07,72.0,89.8,54.3,0.0
1029,2017-08,73.3,89.7,56.8,0.95
1030,2017-09,62.2,78.0,46.4,0.15
1031,2017-10,49.9,66.8,33.0,0.6
1032,2017-11,44.2,54.3,34.1,2.09
1033,2017-12,32.2,45.0,19.4,0.27
1034,2018-01,38.2,48.1,28.3,2.23
1035,2018-02,35.3,49.3,21.3,0.19
1036,2018-03,38.6,49.7,27.6,1.53
1037,2018-04,48.4,61.4,35.4,1.96
1038,2018-05,57.6,71.6,43.6,1.44
1039,2018-06,63.5,80.1,46.9,0.15
1040,2018-07,74.0,90.7,57.4,0.0
1041,2018-08,69.9,87.6,52.2,0.0
1042,2018-09,62.0,79.6,44.4,0.0
1043,2018-10,50.6,65.5,35.7,0.55
1044,2018-11,39.9,53.8,26.1,1.27
1045,2018-12,33.9,42.6,25.2,1.35
1046,2019-01,34.2,44.4,24.0,3.78
1047,2019-02,31.5,40.1,23.0,6.46
1048,2019-03,38.9,49.6,28.1,1.96
1049,2019-04,51.5,64.3,38.8,0.88
1050,2019-05,53.2,67.0,39.3,1.22
1051,2019-06,62.8,79.2,46.3,0.42
1052,2019-07,69.0,86.3,51.6,0.0
1053,2019-08,70.4,87.7,53.1,0.0
1054,2019-09,58.7,74.5,42.8,1.4
1055,2019-10,45.7,62.1,29.2,0.0
1056,2019-11,42.2,56.7,27.7,0.1
1057,2019-12,34.6,42.5,26.8,3.31
1058,2020-01,36.6,46.0,27.2,0.67
1059,2020-02,39.3,54.4,24.2,0.0
1060,2020-03,39.1,51.7,26.4,2.64
1061,2020-04,48.9,63.2,34.6,0.33
1062,2020-05,55.9,70.4,41.5,0.3
1063,2020-06,62.8,78.6,47.1,0.21
1064,2020-07,69.5,86.9,52.1,0.01
1065,2020-08,71.6,89.4,53.7,0.0
1066,2020-09,64.5,83.5,45.6,0.0
1067,1989-01,19.8,36.7,3.0,3.58
1068,1989-02,28.9,42.0,15.7,1.46
1069,1989-03,40.0,51.9,28.2,8.9
1070,1989-04,49.4,66.9,31.8,1.13
1071,1989-05,50.5,68.8,32.2,1.94
1072,1989-06,61.1,80.6,41.6,0.2
1073,1989-07,60.9,85.5,36.3,0.0
1074,1989-08,60.3,84.0,36.7,0.45
1075,1989-09,55.6,78.5,32.8,2.28
1076,1989-10,45.7,65.3,26.1,3.49
1077,1989-11,36.9,55.0,18.9,0.99
1078,1989-12,30.4,47.1,13.7,0.09
1079,1990-01,31.2,43.5,19.0,1.24
1080,1990-02,28.5,44.6,12.4,1.7
1081,1990-03,40.8,57.1,24.5,2.62
1082,1990-04,49.2,66.5,31.9,1.27
1083,1990-05,50.1,67.6,32.6,3.63
1084,1990-06,56.7,77.4,36.1,0.58
1085,1990-07,66.5,89.4,43.5,0.05
1086,1990-08,64.3,86.7,41.8,1.73
1087,1990-09,58.2,83.9,32.6,0.19
1088,1990-10,47.2,73.2,21.2,0.66
1089,1990-11,34.2,54.1,14.2,0.83
1090,1990-12,22.7,39.4,6.1,0.81
1091,1991-01,29.9,47.1,12.7,0.59
1092,1991-02,40.0,60.2,19.8,2.15
1093,1991-03,36.8,50.3,23.2,7.88
1094,1991-04,44.1,60.6,27.7,1.84
1095,1991-05,48.4,65.9,30.9,1.95
1096,1991-06,56.5,77.3,35.7,0.27
1097,1991-07,67.9,92.5,43.3,0.57
1098,1991-08,63.2,87.6,38.9,0.0
1099,1991-09,61.9,89.7,34.1,0.0
1100,1991-10,51.8,77.3,26.2,0.92
1101,1991-11,39.9,57.3,22.4,2.24
1102,1991-12,31.0,45.2,16.8,1.97
1103,1992-01,32.1,46.8,17.4,0.99
1104,1992-02,40.3,54.7,25.9,2.89
1105,1992-04,48.5,67.1,30.0,0.95
1106,1992-05,57.9,81.6,34.2,0.53
1107,1992-06,62.7,84.2,41.3,0.9
1108,1992-07,64.4,85.3,43.4,1.04
1109,1997-03,,63.4,,3.52
1110,1997-04,47.9,64.5,31.3,1.57
1111,1997-05,60.1,79.8,40.5,1.1
1112,1997-06,,80.6,,0.89
1113,1997-07,69.2,91.9,46.5,0.15
1114,1997-08,66.4,88.8,43.9,0.58
1115,1997-09,,81.7,,
1116,1997-10,,66.1,,
1117,1997-11,,51.4,,
1118,1997-12,,41.5,,3.17
1119,1998-01,,44.9,,9.79
1120,1998-02,36.4,43.4,29.5,10.12
1121,1998-03,,56.0,,3.66
1122,1998-04,,62.1,,2.31
1123,1998-05,,62.1,,6.24
1124,1998-06,,77.9,,2.04
1125,1998-07,,91.3,,0.76
1126,1998-08,,93.1,,0.0
1127,1998-09,,84.6,,0.6
1128,1998-10,,65.8,,1.52
1129,1998-11,38.6,47.2,30.0,9.96
1130,1998-12,,40.5,,3.51
1131,1999-01,,47.2,,3.17
1132,1999-02,,45.7,,9.62
1133,1999-03,,52.8,,3.32
1134,1999-04,,63.9,,1.36
1135,1999-05,,74.5,,0.81
1136,1999-06,60.7,81.4,40.1,0.96
1137,1999-07,65.6,89.2,42.0,0.0
1138,2000-02,40.1,48.5,31.7,6.27
1139,2001-04,47.2,62.7,31.8,1.39
1140,2001-05,61.8,83.2,40.4,0.03
1141,2001-06,64.0,83.0,44.9,0.6
1142,2001-07,69.6,89.6,49.6,0.0
1143,2001-08,68.8,91.4,46.2,0.0
1144,2001-09,62.4,85.3,39.5,0.81
1145,2001-10,,76.7,,1.2
1146,2001-11,42.5,54.8,30.2,4.5
1147,2001-12,,44.8,,6.25
1148,2002-01,34.0,45.7,22.2,3.33
1149,2002-02,39.9,55.6,24.2,2.27
1150,2002-03,41.6,58.1,25.1,1.68
1151,2002-04,50.3,66.1,34.6,1.79
1152,2002-05,53.9,71.1,36.7,0.88
1153,2002-06,64.2,84.1,44.3,0.13
1154,2002-07,71.9,93.7,50.0,0.0
1155,2002-08,67.1,89.5,44.8,0.0
1156,2002-09,61.9,84.5,39.2,0.05
1157,2002-10,48.4,70.2,26.6,0.09
1158,2002-11,40.2,54.8,25.5,3.48
1159,2002-12,,44.5,,13.96
1160,2003-01,,48.0,,4.04
1161,2003-02,36.6,49.5,23.6,2.49
1162,2003-03,,56.8,,5.01
1163,2003-04,41.7,52.2,31.2,6.46
1164,2003-05,55.1,71.0,39.3,1.8
1165,2003-06,66.9,87.0,46.8,0.01
1166,2003-07,72.3,93.7,51.0,0.01
1167,2003-08,65.6,84.4,46.8,1.38
1168,2003-09,62.7,85.2,40.1,0.04
1169,2003-10,,74.0,,0.0
1170,2003-11,,47.0,,3.16
1171,2003-12,,42.0,,9.35
1172,2004-01,,40.1,,3.86
1173,2004-02,35.0,43.8,26.2,9.52
1174,2004-03,47.2,64.4,30.0,1.5
1175,2004-04,48.8,65.7,31.9,1.17
1176,2004-05,55.2,72.1,38.3,3.57
1177,2004-06,63.5,82.3,44.7,0.13
1178,2004-07,69.6,90.4,48.9,0.0
1179,2004-08,,,,0.0
1180,2004-09,59.4,80.2,38.6,0.28
1181,2004-10,49.1,64.7,33.5,3.84
1182,2004-11,38.4,49.5,27.4,1.61
1183,2004-12,35.9,45.6,26.2,3.75
1184,2005-01,32.2,41.2,23.2,3.73
1185,2005-02,38.9,50.8,27.0,2.46
1186,2005-03,43.4,57.2,29.5,4.73
1187,2005-04,46.4,60.0,32.9,3.63
1188,2005-05,55.4,68.9,42.0,5.51
1189,2005-06,,,,1.28
1190,2005-07,71.7,92.7,50.7,0.0
1191,2005-08,67.7,90.3,45.0,0.0
1192,2005-09,56.2,77.4,35.0,0.14
1193,2005-10,48.5,65.7,31.2,0.8
1194,2005-11,39.1,50.0,28.3,5.09
1195,2005-12,34.3,43.7,24.9,12.15
1196,2006-01,35.4,42.6,28.1,6.38
1197,2006-02,35.6,49.2,22.0,4.87
1198,2006-03,34.9,43.2,26.5,7.25
1199,2006-04,45.4,57.5,33.3,8.79
1200,2006-05,57.6,75.8,39.4,0.32
1201,2006-06,65.6,84.5,46.8,0.06
1202,2006-07,71.3,93.0,49.6,0.01
1203,2006-08,65.6,87.3,43.9,0.0
1204,2006-09,59.6,81.6,37.6,0.0
1205,2006-10,47.8,66.7,28.9,0.08
1206,2006-11,39.7,49.2,30.3,3.09
1207,2006-12,32.3,42.0,22.6,4.49
1208,2007-01,29.4,43.6,15.2,0.73
1209,2007-02,37.0,47.7,26.3,6.93
1210,2007-03,44.3,59.4,29.1,1.18
1211,2007-04,48.2,64.1,32.3,1.63
1212,2007-05,56.5,75.6,37.3,0.36
1213,2007-06,62.4,82.3,42.4,0.7
1214,2007-07,69.3,89.3,49.2,0.71
1215,2007-08,66.7,88.3,45.1,0.0
1216,2007-09,57.4,75.8,39.0,1.8
1217,2007-10,,60.6,,2.37
1218,2007-11,40.6,54.7,26.5,0.47
1219,2007-12,,40.6,,3.63
1220,2008-01,30.3,37.8,22.7,5.9
1221,2008-02,35.4,46.8,24.1,3.55
1222,2008-03,40.0,54.2,25.9,0.91
1223,2008-04,44.4,61.2,27.6,0.74
1224,2008-05,55.3,72.5,38.2,0.3
1225,2008-07,69.1,90.5,47.7,0.0
1226,2008-08,68.3,90.5,46.2,0.12
1227,2008-09,,,,0.0
1228,2008-10,50.1,71.1,29.2,0.6
1229,2008-11,42.2,55.4,28.9,2.65
1230,2008-12,30.0,42.6,17.3,3.14
1231,2009-01,33.0,46.5,19.5,1.56
1232,2009-02,36.8,47.7,25.9,5.55
1233,2009-03,40.2,55.0,25.4,3.81
1234,2009-04,46.6,63.8,29.4,0.98
1235,2009-05,57.4,75.6,39.2,1.25
1236,2009-06,61.3,77.6,45.0,2.54
1237,2009-07,68.5,90.5,46.4,0.0
1238,2009-08,65.6,87.0,44.2,0.28
1239,2009-09,62.8,86.5,39.2,0.11
1240,2009-10,47.8,64.4,31.3,2.31
1241,2009-11,,,,1.24
1242,2009-12,29.2,39.7,18.7,2.73
1243,2010-01,36.3,43.1,29.5,6.89
1244,2010-02,37.4,48.2,26.5,3.57
1245,2010-03,40.1,55.1,25.2,2.75
1246,2010-04,42.1,55.7,28.6,3.59
1247,2010-05,48.2,63.2,33.1,1.38
1248,2010-06,61.1,77.7,44.5,0.82
1249,2010-07,69.7,90.5,48.8,0.21
1250,2010-08,,,,0.8
1251,2010-09,59.0,80.4,37.7,0.57
1252,2010-10,52.1,68.3,36.0,2.91
1253,2010-11,37.7,51.2,24.2,2.15
1254,2010-12,36.5,43.8,29.3,7.29
1255,2011-01,33.3,46.8,19.9,1.1
1256,2011-02,32.4,46.3,18.4,5.79
1257,2011-03,39.0,48.1,30.0,7.85
1258,2011-04,44.0,58.0,29.9,2.33
1259,2011-05,49.0,63.8,34.1,3.4
1260,2011-06,59.2,75.1,43.3,0.96
1261,2011-07,66.0,85.1,47.0,0.02
1262,2011-08,66.1,88.3,43.9,0.0
1263,2011-09,63.0,86.1,40.0,0.3
1264,2011-10,49.8,67.5,32.2,1.65
1265,2011-11,38.0,50.8,25.1,1.1
1266,2011-12,32.3,48.5,16.1,0.19
1267,2012-01,32.8,46.9,18.7,3.38
1268,2012-02,36.4,50.1,22.6,0.94
1269,2012-03,,,,
1270,2012-04,46.7,61.4,31.9,3.33
1271,2012-05,53.9,72.5,35.3,1.0
1272,2012-06,58.2,77.1,39.3,0.81
1273,2012-07,66.5,87.2,45.9,0.01
1274,2012-08,,,,
1275,2012-09,63.1,87.1,39.0,0.0
1276,2012-10,52.1,70.5,33.8,2.18
1277,2012-11,41.8,52.5,31.2,6.45
1278,2012-12,32.0,40.3,23.7,11.58
1279,2013-01,24.6,39.0,10.1,0.92
1280,2013-02,34.4,49.4,19.4,0.63
1281,2013-03,43.6,59.6,27.5,1.82
1282,2013-04,48.0,65.0,30.9,1.19
1283,2013-05,55.8,72.6,38.9,0.74
1284,2013-06,64.2,82.5,46.0,1.06
1285,2013-07,71.9,92.6,51.3,0.0
1286,2013-08,,,,
1287,2013-09,59.7,79.1,40.2,0.73
1288,2013-10,47.3,67.5,27.1,0.28
1289,2013-11,40.3,56.7,23.8,0.69
1290,2013-12,27.5,44.0,11.1,0.18
1291,2014-01,36.0,53.0,19.1,0.51
1292,2014-02,39.7,52.0,27.4,4.14
1293,2014-03,43.7,58.4,29.0,5.35
1294,2014-04,47.9,65.1,30.8,0.89
1295,2014-05,,,,
1296,2014-06,64.3,83.9,44.8,0.13
1297,2014-07,73.5,93.9,53.0,0.01
1298,2014-08,69.3,88.4,50.3,0.45
1299,2014-09,62.7,84.2,41.2,0.72
1300,2014-10,53.0,71.3,34.7,1.8
1301,2014-11,41.2,53.8,28.6,2.7
1302,2014-12,39.6,47.3,31.9,9.74
1303,2015-01,38.2,52.3,24.2,0.2
1304,2015-02,43.4,58.4,28.5,5.12
1305,2015-03,47.4,64.3,30.4,0.97
1306,2015-04,47.2,64.5,30.0,1.21
1307,2015-05,56.8,71.6,42.0,1.64
1308,2015-06,68.8,87.9,49.7,0.53
1309,2015-07,69.9,88.5,51.3,0.73
1310,2015-08,68.4,88.7,48.0,0.01
1311,1998-07,70.2,80.0,60.5,
1312,1998-08,75.3,85.6,65.0,
1313,1998-09,65.6,74.1,57.1,
1314,1998-10,58.0,65.1,50.9,
1315,1999-01,51.9,57.6,46.1,
1316,1999-02,44.9,51.7,38.1,
1317,1999-03,43.7,50.9,36.5,
1318,1999-04,47.4,54.0,40.9,
1319,1999-05,,,45.7,
1320,1999-06,65.1,74.1,56.1,
1321,1999-07,66.8,78.5,55.1,
1322,1999-08,66.3,76.7,56.0,
1323,1999-09,71.7,82.3,61.1,
1324,1999-10,67.6,77.4,57.8,
1325,1999-11,64.5,71.2,57.8,
1326,1999-12,54.2,62.0,46.5,
1327,2000-01,47.3,52.8,41.8,
1328,2000-02,46.0,50.5,41.5,
1329,2000-03,50.8,59.0,42.5,
1330,2000-04,55.4,65.5,45.3,
1331,2000-05,57.8,68.0,47.6,
1332,2000-06,68.6,80.3,57.0,
1333,2000-07,67.6,78.9,56.2,
1334,2000-08,72.9,83.0,62.8,
1335,2000-09,65.4,74.7,56.0,
1336,2000-10,56.1,63.5,48.7,
1337,2000-11,48.2,55.2,41.1,
1338,2000-12,51.8,57.5,46.1,
1339,2001-01,45.6,51.3,40.0,
1340,2001-02,43.3,48.9,37.7,
1341,2001-03,51.9,59.0,44.8,
1342,2001-04,47.4,55.8,39.1,
1343,2001-05,67.6,77.1,58.1,
1344,2001-06,67.1,77.6,56.6,
1345,2001-07,67.7,78.2,57.2,
1346,2001-08,70.2,81.1,59.4,
1347,2001-09,68.1,78.1,58.2,
1348,2001-10,63.2,71.6,54.9,
1349,2001-11,52.2,58.7,45.7,
1350,2002-04,48.8,57.0,40.7,
1351,2002-05,56.6,66.4,46.8,
1352,2002-06,63.6,73.9,53.4,
1353,2002-07,70.0,80.9,59.2,
1354,2002-08,70.4,81.5,59.2,
1355,2002-09,68.6,79.1,58.1,
1356,2002-10,59.7,69.2,50.1,
1357,2002-11,55.7,62.4,48.9,
1358,2002-12,45.8,50.8,40.8,
1359,2003-01,54.4,61.0,47.8,
1360,2003-02,46.3,52.7,40.0,
1361,2003-03,49.7,57.8,41.7,
1362,2003-04,44.7,51.1,38.3,
1363,2003-05,56.9,65.9,48.0,
1364,2003-06,64.0,75.4,52.6,
1365,2003-07,74.9,85.2,64.5,
1366,2003-08,67.7,78.7,56.7,
1367,2003-09,70.5,81.3,59.6,
1368,2003-10,65.9,75.3,56.4,
1369,2003-11,46.9,53.0,40.9,
1370,2003-12,45.4,50.1,40.8,
1371,2004-01,45.8,51.8,39.7,
1372,2004-02,44.1,49.7,38.4,
1373,2004-03,57.6,66.1,49.2,
1374,2004-04,55.0,64.1,45.9,
1375,2004-05,56.3,65.9,46.7,
1376,2004-06,61.4,71.5,51.3,
1377,2004-07,69.2,79.6,58.8,
1378,2004-08,68.8,79.8,57.8,
1379,2004-09,68.0,78.3,57.6,
1380,2004-10,57.3,65.6,48.9,
1381,2004-11,48.9,55.5,42.4,
1382,2004-12,48.8,54.7,42.9,
1383,2005-01,48.0,53.3,42.6,
1384,2005-02,47.3,53.1,41.4,
1385,2005-03,51.1,57.8,44.4,
1386,2005-04,48.6,57.2,39.9,
1387,2005-05,56.3,64.9,47.7,
1388,2005-06,58.3,67.9,48.7,
1389,2005-07,74.5,84.5,64.5,
1390,2005-08,74.0,84.4,63.6,
1391,2005-09,63.1,73.6,52.6,
1392,2005-10,58.1,67.4,48.7,
1393,2005-11,55.0,62.4,47.6,
1394,2005-12,48.6,53.8,43.5,
1395,2006-01,46.4,51.9,40.9,
1396,2006-02,50.1,56.3,44.0,
1397,2006-03,40.6,45.9,35.3,
1398,2006-04,48.1,54.0,42.3,
1399,2006-05,60.1,68.3,51.9,
1400,2006-06,68.7,77.8,59.6,
1401,2006-07,76.1,85.5,66.6,
1402,2006-08,68.5,78.0,59.1,
1403,2006-09,69.1,78.9,59.4,
1404,2006-10,57.8,65.1,50.4,
1405,2006-11,51.3,57.0,45.5,
1406,2006-12,48.7,54.0,43.4,
1407,2007-01,45.8,51.9,39.6,
1408,2007-02,45.6,50.6,40.5,
1409,2007-03,54.9,62.8,47.1,
1410,2007-04,52.4,60.0,44.8,
1411,2007-05,58.4,67.4,49.5,
1412,2007-06,64.9,75.0,54.8,
1413,2007-07,69.1,78.7,59.4,
1414,2007-08,70.5,80.5,60.5,
1415,2007-09,61.5,70.6,52.5,
1416,2007-10,56.5,63.9,49.0,
1417,2007-11,56.6,62.8,50.4,
1418,2007-12,43.1,48.1,38.1,
1419,2008-01,43.3,47.7,38.8,
1420,2008-02,47.6,53.6,41.6,
1421,2008-03,49.7,57.4,42.0,
1422,2008-04,50.2,59.9,40.6,
1423,2008-05,57.5,66.7,48.3,
1424,2008-06,68.0,77.7,58.4,
1425,2008-07,72.7,82.7,62.7,
1426,2008-08,73.8,83.6,64.1,
1427,2008-09,70.6,80.3,60.9,
1428,2008-10,65.0,73.0,56.9,
1429,2008-11,55.6,61.6,49.6,
1430,2008-12,46.0,51.7,40.3,
1431,2009-01,53.3,59.3,47.3,
1432,2009-02,44.9,49.7,40.1,
1433,2009-03,47.8,54.8,40.9,
1434,2009-04,50.2,58.3,42.1,
1435,2009-05,61.3,70.3,52.4,
1436,2009-06,61.2,70.6,51.8,
1437,2009-07,74.0,83.1,64.9,
1438,2009-08,72.2,81.4,62.9,
1439,2009-09,71.8,81.4,62.2,
1440,2009-10,58.0,65.2,50.9,
1441,2009-11,52.7,59.1,46.3,
1442,2009-12,45.5,50.4,40.6,
1443,2010-01,48.8,53.5,44.1,
1444,2010-02,47.2,52.4,42.0,
1445,2010-03,48.5,55.3,41.6,
1446,2010-04,47.4,54.6,40.1,
1447,2010-05,52.3,60.1,44.5,
1448,2010-06,63.6,73.4,53.9,
1449,2010-07,70.7,80.1,61.2,
1450,2010-08,67.9,77.7,58.2,
1451,2010-09,69.5,78.1,60.8,
1452,2010-10,59.4,66.9,51.9,
1453,2010-11,50.2,55.8,44.5,
1454,2010-12,46.2,50.7,41.7,
1455,2011-01,51.7,57.6,45.8,
1456,2011-02,44.5,50.8,38.2,
1457,2011-03,46.0,51.5,40.5,
1458,2011-04,49.3,57.7,40.9,
1459,2011-05,51.5,59.8,43.1,
1460,2011-06,60.7,69.0,52.3,
1461,2011-07,67.9,77.1,58.7,
1462,2011-08,70.3,79.6,61.0,
1463,2011-09,71.9,81.2,62.5,
1464,2011-10,61.6,69.0,54.1,
1465,2011-11,49.5,54.9,44.1,
1466,2011-12,48.8,55.3,42.3,
1467,2012-01,50.9,57.4,44.3,
1468,2012-02,47.1,53.6,40.6,
1469,2012-03,45.6,52.2,38.9,
1470,2012-04,52.1,60.1,44.0,
1471,2012-05,58.7,68.2,49.3,
1472,2012-06,62.7,73.8,51.7,
1473,2012-07,68.7,78.5,58.9,
1474,2012-08,75.3,85.0,65.7,
1475,2012-09,72.5,81.5,63.5,
1476,2012-10,61.0,68.9,53.0,
1477,2012-11,53.9,59.9,47.9,
1478,2012-12,44.7,49.5,40.0,
1479,2013-01,47.9,54.2,41.5,
1480,2013-02,47.9,54.9,41.0,
1481,2013-03,52.9,60.3,45.4,
1482,2013-04,57.2,65.7,48.7,
1483,2013-05,59.0,68.5,49.5,
1484,2013-06,65.6,75.1,56.1,
1485,2013-08,69.1,79.1,59.0,
1486,2013-09,65.1,74.3,55.8,
1487,2013-10,62.1,70.3,53.8,
1488,2013-11,54.9,61.7,48.2,
1489,2013-12,52.0,58.9,45.1,
1490,2014-01,57.8,64.4,51.2,
1491,2014-02,49.4,55.0,43.8,
1492,2014-03,52.8,59.9,45.8,
1493,2014-04,55.4,64.3,46.5,
1494,2014-05,60.9,70.8,51.1,
1495,2014-06,67.2,77.8,56.5,
1496,2014-07,71.2,80.7,61.7,
1497,2014-08,69.9,79.6,60.1,
1498,2014-09,69.0,77.6,60.3,
1499,2014-10,65.7,73.8,57.6,
1500,2014-11,56.0,62.3,49.7,
1501,2014-12,48.4,52.3,44.5,
1502,2015-01,56.3,62.9,49.7,
1503,2015-02,55.5,62.3,48.7,
1504,2015-03,57.7,65.7,49.6,
1505,2015-04,54.1,62.8,45.4,
1506,2015-05,53.2,61.7,44.7,
1507,2015-06,70.0,79.9,60.1,
1508,2015-07,68.8,78.4,59.2,
1509,2015-08,69.6,80.1,59.1,
1510,2015-09,70.7,80.0,61.4,
1511,2015-10,66.0,74.5,57.5,
1512,2015-11,50.3,56.9,43.7,
1513,2015-12,44.3,49.7,39.0,
1514,2016-01,46.4,50.8,41.9,
1515,2016-02,56.2,63.2,49.1,
1516,2016-03,50.4,56.8,44.0,
1517,2016-04,54.0,61.7,46.3,
1518,2016-05,57.9,66.7,49.1,
1519,2016-06,69.7,80.0,59.3,
1520,2016-07,72.0,82.0,61.9,
1521,2016-08,71.9,81.8,61.9,
1522,2016-09,68.7,78.8,58.6,
1523,2016-10,57.4,63.7,51.1,
1524,2016-11,53.8,60.0,47.5,
1525,2016-12,47.4,53.3,41.5,
1526,2017-01,44.9,50.1,39.7,
1527,2017-02,46.0,50.8,41.2,
1528,2017-03,53.0,60.3,45.6,
1529,2017-04,52.0,59.7,44.3,
1530,2017-05,58.6,67.6,49.7,
1531,2017-06,68.3,78.2,58.3,
1532,2017-07,75.3,85.3,65.3,
1533,2017-08,75.3,84.8,65.9,
1534,2017-09,67.4,77.0,57.7,
1535,2017-10,65.0,73.8,56.1,
1536,2017-11,53.0,59.3,46.8,
1537,2017-12,55.5,62.3,48.8,
1538,2018-01,51.6,57.6,45.6,
1539,2018-02,50.3,57.9,42.7,
1540,2018-03,48.1,54.7,41.5,
1541,2018-04,53.4,61.9,44.9,
1542,2018-05,54.5,64.2,44.9,
1543,2018-06,65.3,75.7,54.8,
1544,2018-07,75.9,85.5,66.3,
1545,2018-08,70.9,80.9,60.9,
1546,2018-09,69.2,79.2,59.3,
1547,2018-10,62.8,71.2,54.4,
1548,2018-11,58.2,64.7,51.7,
1549,2018-12,47.5,53.9,41.1,
1550,2019-01,49.1,54.6,43.5,
1551,2019-02,40.0,45.1,34.9,
1552,2019-03,46.8,53.0,40.6,
1553,2019-04,55.4,63.2,47.6,
1554,2019-05,53.0,60.8,45.1,
1555,2019-06,67.9,77.9,57.9,
1556,2019-07,70.1,79.9,60.4,
1557,2019-08,71.4,81.7,61.1,
1558,2019-09,66.3,75.3,57.3,
1559,2019-10,63.0,71.6,54.4,
1560,2019-11,57.6,65.1,50.1,
1561,2019-12,46.4,50.4,42.3,
1562,2020-01,47.7,53.8,41.6,
1563,2020-02,53.3,61.1,45.4,
1564,2020-03,45.8,51.7,39.9,
1565,2020-04,52.8,60.9,44.8,
1566,2020-05,60.0,68.8,51.3,
1567,2020-06,66.2,76.6,55.7,
1568,2020-07,70.9,80.8,61.0,
1569,2020-08,75.4,84.6,66.2,
1570,2020-09,75.2,83.7,66.6,
1571,1994-06,59.8,79.6,40.0,
1572,1994-07,72.1,93.2,51.1,
1573,1994-08,65.9,89.7,42.2,
1574,1994-09,60.3,82.4,38.3,
1575,1994-10,46.8,65.4,28.2,
1576,1994-11,29.9,40.6,19.2,
1577,1994-12,25.9,37.5,14.3,
1578,1995-01,37.4,43.7,31.1,
1579,1995-02,40.4,57.5,23.4,
1580,1995-03,38.7,49.0,28.5,
1581,1995-04,42.6,55.3,30.0,
1582,1995-05,52.6,65.5,39.7,
1583,1995-06,57.9,72.7,43.2,
1584,1995-08,64.3,86.2,42.4,
1585,1995-09,61.4,82.6,40.3,
1586,1995-10,48.5,68.9,28.1,
1587,1995-11,44.0,59.7,28.3,
1588,1995-12,37.2,46.6,27.8,
1589,1996-01,34.8,44.5,25.2,
1590,1996-02,38.4,50.3,26.6,
1591,1996-03,40.8,54.7,26.9,
1592,1996-04,45.2,59.3,31.1,
1593,1996-05,51.1,65.8,36.4,
1594,1996-06,61.7,80.1,43.4,
1595,1996-07,70.8,91.3,50.2,
1596,1996-08,67.7,89.7,45.7,
1597,1996-09,57.4,77.6,37.1,
1598,1996-10,47.2,65.0,29.4,
1599,1996-11,40.3,53.8,26.9,
1600,1996-12,34.9,43.1,26.7,
1601,1997-01,31.4,41.6,21.2,
1602,1997-02,35.7,47.0,24.4,
1603,1997-03,42.2,56.7,27.6,
1604,1997-04,44.1,57.0,31.3,
1605,1997-05,57.3,74.7,39.8,
1606,1997-06,60.6,75.3,45.9,
1607,1997-07,68.4,86.8,50.0,
1608,1997-08,66.8,87.0,46.5,
1609,1997-09,59.0,78.6,39.4,
1610,1997-10,47.1,63.2,31.0,
1611,1997-11,41.3,52.8,29.9,
1612,1997-12,30.3,41.5,19.1,
1613,1998-01,36.7,44.5,28.8,
1614,1998-02,35.3,42.2,28.6,
1615,1998-03,39.8,51.9,27.7,
1616,1998-04,44.2,57.5,30.9,
1617,1998-05,47.6,57.7,37.4,
1618,1998-06,59.2,74.0,44.3,
1619,1998-07,70.3,90.8,49.8,
1620,1998-08,70.0,92.3,47.7,
1621,1998-09,62.7,80.9,44.5,
1622,1998-10,46.8,64.3,29.3,
1623,1998-11,37.0,46.2,27.9,
1624,1999-01,33.9,46.1,21.6,
1625,1999-02,32.8,43.6,21.9,
1626,1999-03,38.5,50.3,26.6,
1627,1999-04,42.8,56.4,29.1,
1628,1999-05,51.0,67.7,34.3,
1629,1999-06,59.2,77.1,41.3,
1630,1999-07,65.6,87.2,44.1,
1631,1999-08,64.0,83.3,44.6,
1632,1999-09,60.2,83.8,36.7,
1633,1999-10,50.4,73.0,27.8,
1634,1999-11,43.1,57.9,28.2,
1635,1999-12,32.1,46.3,17.9,
1636,2000-01,33.9,43.5,24.3,
1637,2000-02,39.0,48.0,30.1,
1638,2000-03,40.4,54.1,26.7,
1639,2000-04,47.9,63.5,32.3,
1640,2000-05,52.8,67.8,37.9,
1641,2000-06,62.9,83.3,42.5,
1642,2000-07,65.9,86.4,45.4,
1643,2000-08,66.5,88.8,44.2,
1644,2000-09,57.2,76.9,37.5,
1645,2000-10,46.8,64.1,29.5,
1646,2000-11,34.5,47.5,21.6,
1647,2000-12,33.0,46.1,19.8,
1648,2001-01,31.7,45.6,17.8,
1649,2001-02,31.1,43.9,18.2,
1650,2001-03,41.9,57.0,26.7,
1651,2001-04,41.8,56.3,27.3,
1652,2001-05,57.6,78.0,37.2,
1653,2001-06,60.5,79.7,41.3,
1654,2001-07,68.1,88.8,47.3,
1655,2001-08,69.0,92.6,45.4,
1656,2001-09,60.9,82.9,39.0,
1657,2001-10,51.7,72.5,31.0,
1658,2001-11,39.5,53.7,25.2,
1659,2001-12,32.2,40.5,23.9,
1660,2002-01,30.2,42.2,18.2,
1661,2002-02,38.1,52.0,24.2,
1662,2002-03,37.8,53.0,22.6,
1663,2002-04,46.4,61.5,31.2,
1664,2002-05,52.3,69.6,35.0,
1665,2002-06,62.9,82.2,43.6,
1666,2002-07,72.0,94.6,49.3,
1667,2002-08,65.8,88.7,43.0,
1668,2002-09,60.0,82.7,37.4,
1669,2002-10,46.8,68.9,24.7,
1670,2002-11,40.1,56.9,23.2,
1671,2002-12,35.2,45.0,25.4,
1672,2003-01,41.7,53.4,30.0,
1673,2003-02,34.8,47.5,22.1,
1674,2003-03,42.3,54.5,30.1,
1675,2003-04,40.0,50.4,29.5,
1676,2003-05,52.8,68.6,37.1,
1677,2003-06,64.5,85.0,44.1,
1678,2003-07,72.3,94.4,50.3,
1679,2003-08,65.8,86.6,45.0,
1680,2003-09,62.0,85.2,38.7,
1681,2003-10,52.4,73.6,31.3,
1682,2003-11,35.9,46.9,24.9,
1683,2003-12,34.4,42.9,26.0,
1684,2004-01,33.8,44.7,22.8,
1685,2004-02,35.7,45.2,26.2,
1686,2004-03,45.7,62.0,29.4,
1687,2004-04,47.2,63.4,30.9,
1688,2004-05,52.7,69.1,36.3,
1689,2004-06,62.3,81.5,43.2,
1690,2004-07,70.2,91.0,49.4,
1691,2004-08,67.5,87.8,47.2,
1692,2004-09,57.7,79.3,36.1,
1693,2004-10,46.9,63.0,30.9,
1694,2004-11,37.4,50.7,24.1,
1695,2004-12,34.4,47.1,21.8,
1696,2005-01,31.7,44.7,18.6,
1697,2005-02,37.6,51.0,24.2,
1698,2005-03,42.5,57.3,27.6,
1699,2005-04,44.6,57.4,31.7,
1700,2005-05,53.0,66.1,40.0,
1701,2005-06,57.0,73.7,40.3,
1702,2005-07,71.3,92.6,50.0,
1703,2005-08,68.4,90.9,45.8,
1704,2005-09,56.8,78.3,35.3,
1705,2005-10,49.1,67.5,30.7,
1706,2005-11,37.7,49.8,25.5,
1707,2005-12,35.2,46.1,24.2,
1708,2006-01,34.6,43.3,25.8,
1709,2006-02,35.8,50.1,21.5,
1710,2006-03,35.5,45.6,25.4,
1711,2006-04,45.2,57.4,33.0,
1712,2006-05,55.8,73.3,38.3,
1713,2006-06,64.9,84.1,45.7,
1714,2006-07,72.1,93.8,50.4,
1715,2006-08,66.0,88.1,44.0,
1716,2006-09,59.7,82.7,36.7,
1717,2006-10,48.1,67.8,28.4,
1718,2006-11,38.9,50.1,27.8,
1719,2006-12,31.5,42.9,20.2,
1720,2007-01,28.8,43.7,14.0,
1721,2007-02,36.9,48.4,25.4,
1722,2007-03,44.4,60.7,28.2,
1723,2007-04,46.4,62.0,30.7,
1724,2007-05,55.0,74.2,35.8,
1725,2007-06,61.0,81.0,41.0,
1726,2007-07,71.4,93.5,49.2,
1727,2007-08,67.7,90.1,45.2,
1728,2007-09,57.0,78.1,35.9,
1729,2007-10,46.6,62.6,30.6,
1730,2007-11,40.3,55.5,25.1,
1731,2007-12,29.2,37.7,20.7,
1732,2008-01,27.8,38.9,16.7,
1733,2008-02,32.6,47.1,18.1,
1734,2008-03,37.8,50.7,25.0,
1735,2008-04,42.2,58.0,26.5,
1736,2008-05,53.8,69.6,38.0,
1737,2008-06,60.6,81.1,40.1,
1738,2008-07,69.8,91.5,48.0,
1739,2008-08,68.3,89.8,46.7,
1740,2008-09,60.9,84.8,36.9,
1741,2008-10,49.5,68.8,30.3,
1742,2008-11,42.7,56.7,28.7,
1743,2008-12,29.1,42.5,15.7,
1744,2009-01,33.0,46.1,19.9,
1745,2009-02,36.2,47.5,24.9,
1746,2009-04,44.2,59.9,28.5,
1747,2009-05,56.7,74.4,39.0,
1748,2009-06,60.8,77.2,44.4,
1749,2009-07,70.0,92.1,47.9,
1750,2009-08,66.3,88.2,44.5,
1751,2009-09,62.3,86.0,38.6,
1752,2009-10,46.8,63.0,30.7,
1753,2009-11,38.9,52.9,24.9,
1754,2009-12,28.0,40.3,15.7,
1755,2010-01,37.8,45.8,29.8,
1756,2010-02,38.5,50.1,26.9,
1757,2010-03,38.8,52.9,24.8,
1758,2010-04,42.0,54.8,29.1,
1759,2010-05,47.0,61.2,32.8,
1760,2010-06,60.0,76.0,44.0,
1761,2010-09,59.9,82.5,37.3,
1762,2010-10,51.2,66.9,35.6,
1763,2010-11,36.4,50.1,22.7,
1764,2011-02,32.8,46.7,18.8,
1765,2011-03,38.8,47.8,29.7,
1766,2011-04,41.6,53.8,29.4,
1767,2011-05,47.8,61.2,34.4,
1768,2011-07,67.7,88.3,47.2,
1769,2011-08,68.4,90.6,46.3,
1770,2011-09,64.3,87.8,40.7,
1771,2011-10,49.8,68.2,31.4,
1772,2011-11,36.9,49.8,24.0,
1773,2011-12,31.2,48.5,13.8,
1774,2012-01,34.2,49.9,18.5,
1775,2012-02,34.9,48.1,21.8,
1776,2012-03,38.9,50.6,27.2,
1777,2012-04,46.6,60.8,32.3,
1778,2012-05,53.1,70.9,35.3,
1779,2012-06,58.1,77.0,39.1,
1780,2012-07,69.2,90.6,47.9,
1781,2012-08,69.5,93.4,45.7,
1782,2012-09,63.8,88.6,38.9,
1783,2012-10,51.4,71.2,31.6,
1784,2012-11,41.1,54.2,28.0,
1785,2012-12,30.2,40.0,20.4,
1786,2013-01,22.5,38.4,6.7,
1787,2013-02,33.8,48.5,19.1,
1788,2013-03,42.3,58.4,26.3,
1789,2013-04,46.2,62.0,30.4,
1790,2013-05,54.3,70.7,37.9,
1791,2013-06,62.4,81.2,43.6,
1792,2013-07,72.4,94.9,49.9,
1793,2013-08,65.8,87.4,44.2,
1794,2013-09,59.5,77.5,41.4,
1795,2013-10,45.9,67.2,24.5,
1796,2013-11,40.1,58.0,22.2,
1797,2013-12,26.2,44.4,8.1,
1798,2014-01,35.4,54.7,16.1,
1799,2014-02,38.6,50.7,26.6,
1800,2014-03,41.9,56.3,27.5,
1801,2014-04,48.1,64.8,31.3,
1802,2014-05,54.8,73.4,36.1,
1803,2014-06,63.2,83.1,43.2,
1804,2014-07,74.1,95.6,52.6,
1805,2014-08,68.1,88.6,47.7,
1806,2014-09,62.0,83.0,41.0,
1807,2014-10,52.6,71.9,33.3,
1808,2014-11,40.7,53.9,27.4,
1809,2014-12,38.5,44.8,32.2,
1810,2015-01,38.3,52.8,23.7,
1811,2015-02,42.2,57.1,27.3,
1812,2015-03,45.8,64.1,27.5,
1813,2015-04,45.3,63.6,27.1,
1814,2015-05,54.3,69.3,39.2,
1815,2015-06,68.0,88.2,47.7,
1816,1989-01,53.9,67.1,40.7,0.28
1817,1989-02,55.1,66.0,44.1,0.67
1818,1989-03,58.3,70.1,46.6,0.9
1819,1989-04,65.2,75.5,55.0,0.0
1820,1989-05,64.3,73.8,54.8,0.09
1821,1989-06,67.2,76.7,57.6,0.01
1822,1989-07,72.4,82.7,62.1,0.0
1823,1989-08,72.0,80.8,63.2,0.0
1824,1989-09,71.4,83.9,59.0,0.21
1825,1989-10,66.1,76.6,55.7,0.08
1826,1989-11,63.3,77.0,49.7,0.17
1827,1989-12,58.9,73.2,44.6,0.05
1828,1990-01,57.3,70.2,44.5,2.01
1829,1990-02,54.6,65.8,43.5,0.59
1830,1990-03,58.8,68.3,49.4,0.76
1831,1990-04,63.4,71.8,54.9,0.71
1832,1990-05,64.5,74.1,55.0,0.47
1833,1990-06,71.4,82.0,60.9,0.22
1834,1990-07,75.0,85.8,64.3,0.01
1835,1990-08,72.9,81.5,64.3,0.01
1836,1990-09,73.6,84.3,62.9,0.0
1837,1990-10,70.5,83.1,57.9,0.06
1838,1990-11,63.2,76.7,49.8,0.74
1839,1990-12,56.3,69.1,43.5,0.72
1840,1991-01,57.8,68.9,46.7,0.89
1841,1991-02,60.3,72.6,47.9,1.78
1842,1991-03,55.9,64.5,47.2,4.96
1843,1991-04,61.1,70.9,51.3,0.1
1844,1991-05,62.2,71.5,52.9,0.0
1845,1991-06,64.8,72.9,56.7,0.0
1846,1991-07,69.7,77.7,61.8,0.47
1847,1991-08,72.4,81.6,63.2,0.0
1848,1991-09,71.4,80.9,62.0,0.35
1849,1991-10,69.7,80.9,58.4,0.23
1850,1991-11,63.8,77.8,49.7,0.1
1851,1991-12,58.5,69.9,47.2,1.65
1852,1992-01,59.2,72.7,45.8,1.87
1853,1992-02,63.4,73.4,53.5,4.67
1854,1992-03,60.6,68.8,52.4,2.2
1855,1992-04,68.8,79.4,58.2,0.19
1856,1992-05,68.3,75.2,61.3,0.12
1857,1992-06,69.0,78.4,59.6,0.0
1858,1992-07,74.1,83.6,64.5,0.06
1859,1992-08,75.8,86.4,65.2,0.04
1860,1992-09,73.2,85.3,61.1,0.0
1861,1992-10,67.5,77.8,57.3,0.33
1862,1992-11,62.0,76.0,48.1,0.0
1863,1992-12,53.8,65.3,42.3,2.52
1864,1993-01,55.7,64.4,46.9,6.45
1865,1993-02,56.3,65.3,47.4,3.27
1866,1993-03,60.4,70.4,50.4,1.25
1867,1993-04,62.7,73.8,51.6,0.0
1868,1993-05,66.1,75.5,56.7,0.04
1869,1993-06,69.7,79.2,60.2,0.67
1870,1993-07,70.7,78.7,62.7,0.08
1871,1993-08,72.1,81.6,62.6,0.0
1872,1993-09,71.3,82.0,60.5,0.02
1873,1993-10,68.3,79.9,56.7,0.18
1874,1993-11,61.8,74.7,48.9,1.26
1875,1993-12,57.1,70.6,43.7,0.55
1876,1994-01,58.7,72.9,44.4,1.22
1877,1994-02,58.6,69.6,47.6,3.21
1878,1994-03,59.7,69.4,49.9,3.52
1879,1994-04,60.4,69.3,51.5,0.73
1880,1994-05,61.6,69.5,53.8,0.09
1881,1994-06,69.6,80.6,58.6,0.0
1882,1994-07,70.9,79.9,61.9,0.17
1883,1994-08,76.0,87.0,65.0,0.02
1884,1994-09,72.5,83.9,61.1,0.0
1885,1994-10,66.1,77.4,54.8,0.06
1886,1994-11,55.2,67.9,42.5,0.72
1887,1994-12,56.0,67.5,44.4,1.19
1888,1995-01,57.6,65.9,49.3,7.13
1889,1995-02,62.6,72.3,52.9,1.04
1890,1995-03,60.4,69.5,51.2,5.48
1891,1995-04,61.2,71.8,50.6,1.55
1892,1995-05,62.7,70.1,55.2,0.59
1893,1995-06,67.0,76.0,57.9,0.31
1894,1995-07,72.7,83.9,61.5,0.05
1895,1995-08,75.3,86.3,64.3,0.0
1896,1995-09,74.5,85.5,63.6,0.0
1897,1995-10,68.6,79.0,58.3,0.05
1898,1995-11,64.6,77.2,52.0,0.22
1899,1995-12,58.5,69.8,47.2,0.76
1900,1996-01,58.6,70.9,46.3,2.41
1901,1996-02,57.5,66.3,48.8,2.6
1902,1996-03,57.3,67.3,47.3,1.92
1903,1996-04,62.4,74.6,50.2,0.74
1904,1996-05,66.7,76.9,56.4,0.02
1905,1996-06,67.4,77.1,57.7,0.0
1906,1996-07,71.0,80.2,61.7,0.08
1907,1996-08,72.8,82.5,63.0,0.04
1908,1996-09,69.4,77.6,61.2,0.13
1909,1996-10,62.5,72.3,52.8,1.82
1910,1996-11,59.6,70.6,48.5,2.18
1911,1996-12,55.5,65.6,45.4,1.26
1912,1997-01,54.8,63.9,45.7,4.28
1913,1997-02,53.8,65.2,42.3,0.45
1914,1997-03,58.7,71.4,45.9,0.03
1915,1997-04,59.8,70.6,48.9,0.12
1916,1997-05,67.8,78.7,56.8,0.04
1917,1997-06,66.9,74.3,59.6,0.0
1918,1997-07,69.1,78.4,59.7,0.0
1919,1997-08,73.4,83.2,63.5,0.0
1920,1997-09,74.7,85.5,63.9,1.26
1921,1997-10,66.5,77.6,55.3,0.01
1922,1997-11,61.2,71.9,50.4,1.04
1923,1997-12,54.3,66.5,42.2,1.61
1924,1998-01,55.2,63.8,46.6,2.59
1925,1998-02,54.1,61.7,46.5,11.81
1926,1998-03,56.1,65.2,47.0,3.55
1927,1998-04,56.6,66.2,47.0,1.73
1928,1998-05,59.9,68.4,51.3,1.25
1929,1998-06,64.0,72.4,55.6,0.13
1930,1998-07,70.3,80.2,60.5,0.0
1931,1998-08,73.9,84.5,63.3,0.0
1932,1998-09,69.2,77.3,61.1,0.12
1933,1998-10,63.5,75.1,52.0,0.06
1934,1998-11,57.5,69.1,46.0,1.16
1935,1998-12,52.8,65.3,40.2,0.74
1936,2001-01,53.1,63.8,42.5,2.73
1937,2001-02,,,,
1938,2001-03,,,,
1939,2001-04,57.1,65.7,48.5,0.91
1940,2001-05,65.2,72.6,57.7,0.06
1941,2001-06,,,,
1942,2001-07,70.0,78.0,62.0,0.0
1943,2001-08,72.1,80.9,63.4,0.0
1944,2001-09,69.7,79.1,60.2,0.0
1945,2001-10,65.7,75.0,56.4,0.0
1946,2001-11,59.5,68.7,50.2,0.85
1947,2001-12,54.1,65.3,42.9,0.66
1948,2002-01,54.0,64.9,43.1,0.58
1949,2002-02,56.7,70.1,43.4,0.15
1950,2002-03,55.2,65.4,44.9,0.51
1951,2002-04,58.2,66.2,50.1,0.49
1952,2002-05,61.5,70.3,52.8,0.0
1953,2002-06,66.3,75.0,57.6,0.0
1954,2002-07,69.8,78.4,61.2,0.0
1955,2002-08,70.0,79.0,61.0,0.0
1956,2002-09,70.7,81.6,59.8,0.13
1957,2002-10,62.7,71.0,54.5,0.05
1958,2002-11,62.2,74.5,49.8,0.56
1959,2002-12,54.9,64.7,45.0,1.53
1960,2003-01,60.5,74.1,46.9,0.0
1961,2003-02,56.5,65.7,47.2,5.23
1962,2003-03,,,,
1963,2003-04,56.6,66.4,46.7,0.44
1964,2003-05,61.2,70.4,52.0,0.12
1965,2003-06,64.6,71.1,58.1,0.0
1966,2003-07,72.6,82.0,63.3,0.01
1967,2003-08,75.1,85.2,65.1,0.0
1968,2003-10,68.4,78.3,58.4,0.0
1969,2003-11,,,,0.06
1970,2003-12,54.9,66.1,43.8,0.79
1971,2004-01,55.3,66.1,44.5,0.15
1972,2004-03,61.5,71.3,51.7,0.56
1973,2004-07,71.5,80.5,62.6,0.0
1974,2004-08,71.0,79.3,62.7,0.0
1975,2004-09,72.2,81.7,62.6,0.0
1976,2004-12,,,,2.96
1977,2005-01,59.1,69.9,48.3,4.81
1978,2005-02,63.6,74.6,52.6,7.61
1979,2005-03,58.7,67.0,50.3,2.81
1980,2005-04,57.8,69.0,46.6,0.59
1981,2005-05,62.8,72.4,53.3,0.11
1982,2005-06,64.7,72.4,57.1,0.0
1983,2005-07,71.0,79.9,62.1,0.3
1984,2005-08,71.5,80.5,62.5,0.0
1985,2005-11,61.6,73.9,49.2,0.09
1986,2005-12,56.4,68.2,44.7,0.39
1987,2007-03,59.0,70.3,47.7,0.3
1988,2007-04,59.1,68.3,49.9,0.72
1989,2007-05,62.6,70.9,54.2,0.0
1990,2007-06,65.8,75.5,56.0,0.0
1991,2007-07,71.3,80.6,62.1,0.01
1992,2007-08,74.5,84.1,64.8,0.03
1993,2007-09,69.1,79.5,58.6,0.1
1994,2007-10,66.0,77.9,54.1,0.22
1995,2007-11,61.3,70.8,51.9,2.03
1996,2007-12,53.3,64.0,42.6,1.43
1997,2008-01,,,,2.78
1998,2008-02,54.2,64.8,43.6,2.0
1999,2008-03,58.0,69.7,46.4,0.13
2000,2008-04,61.4,73.7,49.2,0.0
2001,2008-05,62.3,71.9,52.7,0.33
2002,2008-06,67.8,78.9,56.7,0.02
2003,2008-07,69.7,78.4,60.9,0.0
2004,2008-08,71.7,81.0,62.4,0.0
2005,2008-09,71.5,81.3,61.7,0.01
2006,2008-10,69.6,84.7,54.4,0.04
2007,2008-11,64.2,76.6,51.8,1.41
2008,2008-12,54.7,64.5,45.0,4.93
2009,2009-01,58.4,71.1,45.6,0.11
2010,2009-02,54.8,65.7,43.9,3.55
2011,2009-03,56.1,67.2,45.0,0.13
2012,2009-04,59.2,70.0,48.3,0.19
2013,2009-05,64.0,72.3,55.6,0.07
2014,2009-06,65.2,72.8,57.6,0.09
2015,2009-07,72.3,82.7,61.9,0.0
2016,2009-08,73.1,84.0,62.1,0.0
2017,2009-09,73.5,85.0,62.1,0.02
2018,2009-10,64.7,76.9,52.4,0.07
2019,2009-11,60.6,73.9,47.2,0.56
2020,2009-12,54.8,64.7,44.9,3.33
2021,2010-01,56.7,68.1,45.3,4.85
2022,2010-02,56.5,66.0,46.9,3.32
2023,2010-03,57.5,68.3,46.6,0.48
2024,2010-04,57.8,67.2,48.4,1.8
2025,2010-05,60.9,70.7,51.2,0.02
2026,2010-06,65.3,73.8,56.7,0.0
2027,2010-07,68.4,76.0,60.9,0.01
2028,2010-08,70.2,80.3,60.2,0.0
2029,2010-09,69.1,80.4,57.8,0.03
2030,2010-10,64.8,72.9,56.7,1.61
2031,2010-11,59.1,71.3,46.8,1.21
2032,2010-12,56.2,66.3,46.2,6.7
2033,2011-01,56.8,69.5,44.0,0.49
2034,2011-02,53.4,64.6,42.3,3.19
2035,2011-03,57.1,68.0,46.2,1.91
2036,2011-04,60.6,70.6,50.7,0.37
2037,2011-05,61.6,72.3,50.9,0.61
2038,2011-06,65.3,74.0,56.6,0.03
2039,2011-07,70.3,78.9,61.7,0.03
2040,2011-08,70.5,79.7,61.4,0.0
2041,2011-09,69.6,79.1,60.1,0.11
2042,2011-10,65.9,77.5,54.2,0.61
2043,2011-11,58.7,70.0,47.3,3.41
2044,2011-12,53.7,66.6,40.7,0.79
2045,2012-01,57.0,71.4,42.6,0.47
2046,2012-02,56.2,68.1,44.4,1.56
2047,2012-03,56.7,67.3,46.2,1.54
2048,2012-04,59.9,71.0,48.9,1.27
2049,2012-05,63.9,73.2,54.7,0.07
2050,2012-06,65.8,75.1,56.6,0.01
2051,2012-07,70.2,78.6,61.8,0.0
2052,2012-08,75.8,85.8,65.9,0.0
2053,2012-09,75.4,87.6,63.2,0.0
2054,2012-10,68.1,80.2,56.1,0.51
2055,2012-11,61.5,73.1,49.8,0.39
2056,2012-12,55.4,64.6,46.1,1.92
2057,2013-01,54.4,66.7,42.0,1.3
2058,2013-02,54.5,66.4,42.5,0.8
2059,2013-03,59.1,69.9,48.2,1.41
2060,2013-04,60.0,69.5,50.6,0.09
2061,2013-05,65.3,74.8,55.8,0.4
2062,2013-06,67.4,76.2,58.6,0.0
2063,2013-07,70.5,78.7,62.4,0.01
2064,2013-08,71.1,80.7,61.6,0.11
2065,2013-09,71.5,82.7,60.3,0.38
2066,2013-10,63.8,75.1,52.5,0.61
2067,2013-11,61.2,73.0,49.4,0.26
2068,2013-12,56.1,69.8,42.3,0.37
2069,2014-01,59.0,73.7,44.3,0.09
2070,2014-02,58.4,70.1,46.7,1.59
2071,2014-03,61.1,71.5,50.7,0.81
2072,2014-04,62.5,73.6,51.5,0.4
2073,2014-05,67.9,79.2,56.5,0.0
2074,2014-06,67.6,76.6,58.6,0.0
2075,2014-07,73.2,82.3,64.2,0.02
2076,2014-08,73.6,82.9,64.3,0.13
2077,2014-09,75.0,85.2,64.7,0.02
2078,2014-10,70.5,82.4,58.7,0.0
2079,2014-11,64.8,77.5,52.1,0.83
2080,2014-12,58.7,68.0,49.5,3.36
2081,2015-01,59.6,71.1,48.0,0.37
2082,2015-02,61.9,73.9,49.9,0.64
2083,2015-03,65.2,77.8,52.6,1.07
2084,2015-04,64.3,76.0,52.5,0.15
2085,2015-05,64.8,71.9,57.7,1.69
2086,2015-06,71.5,80.7,62.3,0.02
2087,2015-07,74.7,82.5,66.8,2.28
2088,2015-08,77.6,87.3,67.9,0.0
2089,2015-09,78.7,88.6,68.8,1.03
2090,2015-10,75.1,85.5,64.8,0.54
2091,2015-11,63.4,76.0,50.8,0.48
2092,2015-12,57.3,69.2,45.5,1.3
2093,2016-01,57.8,67.3,48.3,6.0
2094,2016-02,64.5,79.3,49.6,0.06
2095,2016-03,62.1,72.2,52.0,1.21
2096,2016-04,65.3,76.5,54.0,1.09
2097,2016-05,65.5,72.1,58.9,0.6
2098,2016-06,72.3,82.4,62.3,0.0
2099,2016-07,73.5,83.5,63.4,0.0
2100,2016-08,73.9,83.6,64.3,0.0
2101,2016-09,73.8,84.1,63.6,0.36
2102,2016-10,,,,
2103,2016-11,66.1,79.6,52.7,1.39
2104,2016-12,,,,
2105,2017-01,,,,
2106,2017-02,,,,
2107,2017-03,,,,
2108,2017-04,66.1,79.2,53.0,0.0
2109,2017-05,66.3,75.1,57.6,1.14
2110,2017-06,,,,0.03
2111,2017-07,,,,
2112,2017-08,,,,
2113,2017-09,75.6,86.3,64.8,0.02
2114,2017-10,,,,
2115,2017-12,,,,
2116,2018-01,,,,
2117,2018-02,,,,
2118,2018-03,,,,
2119,2018-04,,,,
2120,2018-05,,,,0.05
2121,2018-06,,,,
2122,2018-10,,,,
2123,2019-03,,,,
2124,2019-04,,,,
2125,2019-05,,,,
2126,2019-07,,,,
2127,2019-08,,,,
2128,2019-09,,,,
2129,2020-01,,,,
2130,2020-02,,,,
2131,2020-03,,,,
2132,2020-06,,,,
2133,1989-01,44.5,56.1,32.9,2.14
2134,1989-02,45.9,56.1,35.6,1.11
2135,1989-03,51.9,60.3,43.5,10.94
2136,1989-04,63.0,75.9,50.0,3.76
2137,1989-05,66.5,80.7,52.4,0.73
2138,1989-06,76.0,89.8,62.3,0.95
2139,1989-07,80.1,98.1,62.2,0.0
2140,1989-08,77.4,94.8,60.1,0.23
2141,1989-09,71.3,87.4,55.1,4.83
2142,1989-10,60.9,74.8,47.1,3.69
2143,1989-11,53.5,68.1,39.0,1.2
2144,1989-12,46.4,61.8,31.0,0.0
2145,1990-01,45.0,55.7,34.3,8.15
2146,1990-02,45.8,58.4,33.2,1.37
2147,1990-03,55.2,68.0,42.4,2.4
2148,1990-04,64.6,77.9,51.3,0.65
2149,1990-05,65.4,77.8,53.1,6.6
2150,1990-06,75.0,90.6,59.4,0.82
2151,1990-07,83.7,99.8,67.6,0.49
2152,1990-08,79.6,94.7,64.6,1.06
2153,1990-09,74.9,92.0,57.8,1.17
2154,1990-10,65.3,80.6,50.1,0.83
2155,1990-11,51.5,65.5,37.6,0.67
2156,1990-12,40.2,53.2,27.2,0.56
2157,1991-01,45.7,58.3,33.2,0.89
2158,1991-02,53.7,68.0,39.3,3.97
2159,1991-03,48.6,57.8,39.5,9.67
2160,1991-04,56.4,68.5,44.3,0.52
2161,1991-05,63.6,76.9,50.4,2.13
2162,1991-06,73.3,87.6,59.0,0.11
2163,1991-07,85.0,101.5,68.4,0.03
2164,1991-08,77.8,94.2,61.3,0.0
2165,1991-09,79.1,98.4,59.8,0.0
2166,1991-10,68.9,86.6,51.2,1.93
2167,1991-11,54.4,66.6,42.1,1.27
2168,1991-12,46.1,57.8,34.3,5.0
2169,1992-01,44.4,54.8,34.1,3.03
2170,1992-02,53.2,62.6,43.7,10.15
2171,1992-03,55.3,66.4,44.1,3.42
2172,1992-04,61.4,73.4,49.5,1.91
2173,1992-05,75.1,91.5,58.6,0.03
2174,1992-06,76.1,89.7,62.5,1.66
2175,1992-07,80.3,96.0,64.5,0.0
2176,1992-08,81.6,99.6,63.6,0.0
2177,1992-09,74.5,91.8,57.1,0.0
2178,1992-10,65.8,80.6,51.1,6.26
2179,1992-11,52.0,63.8,40.2,0.93
2180,1992-12,43.1,51.9,34.2,10.37
2181,1993-01,43.4,51.9,34.8,10.38
2182,1993-02,47.1,55.3,39.0,7.52
2183,1993-03,56.9,66.6,47.2,6.35
2184,1993-04,57.4,67.9,46.8,3.67
2185,1993-05,65.1,77.6,52.6,6.72
2186,1993-06,73.4,87.7,59.2,0.65
2187,1993-07,81.1,95.9,66.3,0.0
2188,1993-08,78.4,94.7,62.2,0.99
2189,1993-09,74.0,92.7,55.3,0.0
2190,1993-10,65.2,78.5,51.9,2.93
2191,1993-11,50.6,64.3,37.0,1.52
2192,1993-12,45.4,55.8,35.1,3.16
2193,1994-01,48.3,59.9,36.6,3.34
2194,1994-02,45.8,56.1,35.4,6.41
2195,1994-03,55.8,68.8,42.8,1.92
2196,1994-04,60.1,73.6,46.5,1.86
2197,1994-05,67.5,80.5,54.4,1.41
2198,1994-06,74.5,90.7,58.3,0.04
2199,1994-07,84.0,101.7,66.2,0.0
2200,1994-08,78.4,97.6,59.3,0.0
2201,1994-09,74.7,92.0,57.3,0.2
2202,1994-10,62.7,77.9,47.6,0.04
2203,1994-11,45.7,54.9,36.4,5.02
2204,1994-12,41.9,49.2,34.6,5.45
2205,1995-01,48.2,52.6,43.7,22.94
2206,1995-02,53.0,64.4,41.6,1.65
2207,1995-03,51.3,60.1,42.6,14.78
2208,1995-04,56.0,67.6,44.4,4.26
2209,1995-05,64.3,76.8,51.7,0.97
2210,1995-06,72.1,85.8,58.5,1.93
2211,1995-07,80.3,95.3,65.4,0.0
2212,1995-08,79.2,96.5,61.9,0.0
2213,1995-09,75.6,92.1,59.0,0.0
2214,1995-10,65.6,82.0,49.2,0.0
2215,1995-11,57.3,71.6,42.9,0.26
2216,1995-12,48.3,55.8,40.8,10.81
2217,1996-01,45.5,53.8,37.3,9.67
2218,1996-02,51.7,60.1,43.3,9.07
2219,1996-03,55.1,67.1,43.2,1.85
2220,1996-04,58.1,70.9,45.3,2.54
2221,1996-05,65.5,79.1,51.9,4.28
2222,1996-06,77.0,92.8,61.2,0.14
2223,1996-07,84.5,101.3,67.7,0.33
2224,1996-08,81.8,100.5,63.1,0.0
2225,1996-09,72.4,88.5,56.3,0.55
2226,1996-10,61.9,76.2,47.6,1.25
2227,1996-11,52.9,64.7,41.2,3.0
2228,1996-12,48.5,55.5,41.5,8.38
2229,1997-01,46.4,54.2,38.7,6.76
2230,1997-02,51.1,62.5,39.7,0.72
2231,1997-03,56.3,68.8,43.8,1.76
2232,1997-04,59.4,71.9,47.0,2.43
2233,1997-05,71.2,86.0,56.4,0.43
2234,1997-06,74.9,88.3,61.5,1.91
2235,1997-07,81.6,97.7,65.5,0.01
2236,1997-08,77.5,93.5,61.6,0.63
2237,1997-09,72.6,88.1,57.1,1.62
2238,1997-10,60.4,73.8,47.1,3.37
2239,1997-11,52.2,60.1,44.4,9.06
2240,1997-12,45.7,54.9,36.5,3.31
2241,1998-01,46.2,50.7,41.7,14.0
2242,1998-02,46.5,51.6,41.4,15.81
2243,1998-03,52.1,61.8,42.5,5.63
2244,1998-04,55.8,67.2,44.5,2.83
2245,1998-05,57.1,65.3,48.9,7.67
2246,1998-06,69.7,82.2,57.3,1.71
2247,1998-07,81.5,97.3,65.7,0.14
2248,1998-08,81.5,100.3,62.6,0.0
2249,1998-09,75.7,90.2,61.3,0.06
2250,1998-10,61.9,75.7,48.0,2.3
2251,1998-11,50.2,58.5,41.8,9.29
2252,1998-12,44.1,54.1,34.1,2.17
2253,1999-01,47.5,57.3,37.7,3.11
2254,1999-02,45.5,53.9,37.1,7.66
2255,1999-03,49.0,59.6,38.4,3.43
2256,1999-04,59.0,71.3,46.6,1.73
2257,1999-05,67.3,81.9,52.7,0.58
2258,1999-06,74.9,89.8,60.1,0.4
2259,1999-07,79.3,96.4,62.2,0.0
2260,1999-08,77.9,93.1,62.7,0.23
2261,1999-09,76.5,94.5,58.5,0.0
2262,1999-10,64.8,81.7,48.0,1.02
2263,1999-11,53.4,63.2,43.6,5.52
2264,1999-12,47.4,60.1,34.7,0.63
2265,2000-01,46.4,54.2,38.6,7.67
2266,2000-02,48.7,55.7,41.7,9.28
2267,2000-03,53.8,65.1,42.4,4.08
2268,2000-04,60.1,72.4,47.8,3.57
2269,2000-05,65.7,78.4,53.0,1.19
2270,2000-06,78.9,94.0,63.7,1.11
2271,2000-07,77.4,94.2,60.7,0.11
2272,2000-08,78.4,95.6,61.2,0.0
2273,2000-09,73.4,87.4,59.4,3.08
2274,2000-10,61.3,74.0,48.6,3.74
2275,2000-11,47.4,58.2,36.6,0.98
2276,2000-12,47.2,59.2,35.3,1.89
2277,2001-01,44.0,55.4,32.6,5.72
2278,2001-02,46.6,55.2,37.9,8.07
2279,2001-03,57.5,69.3,45.7,3.37
2280,2001-04,55.4,68.1,42.7,2.05
2281,2001-05,74.0,89.9,58.2,0.03
2282,2001-06,75.4,89.6,61.1,1.1
2283,2001-07,80.7,96.6,64.8,0.0
2284,2001-08,80.6,97.4,63.8,0.0
2285,2001-09,75.7,91.5,60.0,0.49
2286,2001-10,67.3,81.0,53.6,0.83
2287,2001-11,53.0,62.1,43.9,7.39
2288,2001-12,46.0,51.4,40.5,9.31
2289,2002-01,44.7,54.2,35.2,3.37
2290,2002-02,51.6,62.7,40.5,2.82
2291,2002-03,52.2,63.9,40.4,2.59
2292,2002-04,60.3,72.2,48.4,1.4
2293,2002-05,67.5,81.1,53.8,0.68
2294,2002-06,78.5,93.3,63.7,0.0
2295,2002-07,84.1,100.9,67.3,0.0
2296,2002-08,81.0,97.1,65.0,0.0
2297,2002-09,74.4,91.8,57.1,0.11
2298,2002-10,64.7,80.5,48.8,0.0
2299,2002-11,53.9,66.6,41.2,2.41
2300,2002-12,46.1,53.4,38.9,14.72
2301,2003-01,51.1,58.5,43.7,6.65
2302,2003-02,49.5,60.8,38.2,2.26
2303,2003-03,54.2,64.8,43.5,3.79
2304,2003-04,52.4,61.3,43.6,4.2
2305,2003-05,65.6,78.7,52.4,0.97
2306,2003-06,79.7,94.9,64.4,0.0
2307,2003-07,84.8,102.2,67.5,0.05
2308,2003-08,78.6,94.6,62.5,0.64
2309,2003-09,77.6,94.4,60.9,0.16
2310,2003-10,68.5,84.9,52.2,0.0
2311,2003-11,49.5,58.1,40.8,6.22
2312,2003-12,45.6,52.9,38.3,11.77
2313,2004-01,43.5,52.7,34.3,2.99
2314,2004-02,48.8,57.2,40.4,10.09
2315,2004-03,60.8,74.4,47.2,1.43
2316,2004-04,62.5,75.8,49.2,1.18
2317,2004-05,68.1,81.8,54.4,1.38
2318,2004-06,78.2,92.9,63.5,0.11
2319,2004-07,83.4,99.4,67.3,0.0
2320,2004-08,80.4,96.9,64.0,0.0
2321,2004-09,73.8,89.4,58.1,0.3
2322,2004-10,62.3,74.3,50.2,5.76
2323,2004-11,52.2,63.2,41.3,1.72
2324,2004-12,48.6,56.9,40.4,10.82
2325,2005-01,46.7,54.6,38.8,4.35
2326,2005-02,52.6,62.5,42.8,2.96
2327,2005-03,55.5,67.0,44.0,4.99
2328,2005-04,57.1,68.1,46.1,2.12
2329,2005-05,66.0,77.3,54.8,4.95
2330,2005-06,71.1,84.6,57.6,0.78
2331,2005-07,85.3,102.5,68.2,0.0
2332,2005-08,82.1,100.5,63.8,0.0
2333,2005-09,71.3,88.1,54.5,0.02
2334,2005-10,62.6,77.5,47.8,0.38
2335,2005-11,52.8,65.5,40.2,4.84
2336,2005-12,47.7,56.8,38.7,13.9
2337,2006-01,46.4,54.0,38.8,7.17
2338,2006-02,51.0,64.4,37.6,4.44
2339,2006-03,46.9,54.2,39.6,7.56
2340,2006-04,57.3,66.9,47.6,6.09
2341,2006-05,70.3,84.3,56.3,0.65
2342,2006-06,79.7,94.7,64.7,0.28
2343,2006-07,85.7,102.4,69.0,0.0
2344,2006-08,79.2,96.4,62.0,0.04
2345,2006-09,74.1,91.9,56.2,0.0
2346,2006-10,63.5,78.4,48.6,0.22
2347,2006-11,51.4,60.2,42.6,3.89
2348,2006-12,45.9,55.4,36.4,6.63
2349,2007-01,45.4,59.0,31.7,0.38
2350,2007-02,48.6,58.6,38.6,7.37
2351,2007-03,58.0,71.9,44.0,0.52
2352,2007-04,59.6,73.2,46.0,2.21
2353,2007-05,69.5,84.6,54.4,1.51
2354,2007-06,77.2,92.3,62.1,0.0
2355,2007-07,81.8,98.8,64.8,1.15
2356,2007-08,79.8,97.1,62.5,0.0
2357,2007-09,71.3,86.8,55.8,0.17
2358,2007-10,60.5,72.6,48.4,2.96
2359,2007-11,55.8,68.6,43.1,0.48
2360,2007-12,45.0,53.2,36.9,5.03
2361,2008-01,43.9,51.2,36.5,9.98
2362,2008-02,49.4,60.8,37.9,3.15
2363,2008-03,53.7,66.8,40.6,0.29
2364,2008-04,57.4,72.7,42.1,0.44
2365,2008-05,70.0,84.2,55.7,0.35
2366,2008-06,76.8,92.6,60.9,0.02
2367,2008-07,82.5,98.5,66.5,0.0
2368,2008-08,83.1,99.2,67.0,0.01
2369,2008-09,75.5,93.8,57.1,0.0
2370,2008-10,64.2,79.3,49.2,1.3
2371,2008-11,55.7,67.3,44.0,2.82
2372,2008-12,42.9,53.1,32.6,3.33
2373,2009-01,49.7,63.0,36.4,0.94
2374,2009-02,47.5,56.4,38.5,8.98
2375,2009-03,53.2,64.8,41.6,1.16
2376,2009-04,58.5,72.9,44.2,0.72
2377,2009-05,71.6,85.7,57.5,2.2
2378,2009-06,75.3,88.4,62.2,2.28
2379,2009-07,83.3,100.5,66.1,0.0
2380,2009-08,80.1,97.1,63.0,0.0
2381,2009-09,76.5,93.8,59.3,0.12
2382,2009-10,62.2,74.8,49.5,1.99
2383,2009-11,51.3,63.6,39.1,0.67
2384,2009-12,43.4,52.2,34.5,4.03
2385,2010-01,46.9,52.8,41.0,9.31
2386,2010-02,49.9,58.5,41.3,6.53
2387,2010-03,52.0,63.3,40.6,1.88
2388,2010-04,53.8,65.0,42.7,4.65
2389,2010-05,60.8,73.3,48.2,1.09
2390,2010-06,75.2,88.7,61.7,0.2
2391,2010-07,83.7,100.1,67.3,0.0
2392,2010-08,78.9,95.3,62.4,0.13
2393,2010-09,73.5,90.4,56.7,0.34
2394,2010-10,64.1,75.6,52.6,4.66
2395,2010-11,51.2,62.2,40.2,2.26
2396,2010-12,46.9,52.6,41.2,8.7
2397,2011-01,47.4,58.8,35.9,1.44
2398,2011-02,47.7,58.6,36.8,4.36
2399,2011-03,50.5,58.5,42.5,8.4
2400,2011-04,56.5,67.3,45.6,0.76
2401,2011-05,61.0,73.3,48.7,3.43
2402,2011-06,72.1,85.1,59.2,1.91
2403,2011-07,80.1,95.1,65.1,0.15
2404,2011-08,80.1,97.5,62.6,0.0
2405,2011-09,78.2,95.8,60.5,0.13
2406,2011-10,63.6,76.3,50.8,3.05
2407,2011-11,49.2,59.9,38.6,2.62
2408,2011-12,46.9,60.1,33.7,0.38
2409,2012-01,46.3,58.9,33.8,5.82
2410,2012-02,50.6,61.5,39.6,1.42
2411,2012-03,50.4,59.4,41.3,6.45
2412,2012-04,58.0,69.6,46.5,2.73
2413,2012-05,68.1,83.6,52.6,0.05
2414,2012-06,74.9,88.4,61.4,0.82
2415,2012-07,80.2,97.3,63.0,0.0
2416,2012-08,81.7,99.9,63.6,0.0
2417,2012-09,76.5,95.8,57.2,0.0
2418,2012-10,64.6,78.6,50.6,2.35
2419,2012-11,53.5,64.1,43.0,6.77
2420,2012-12,44.3,52.4,36.3,10.04
2421,2013-01,44.9,58.2,31.6,0.93
2422,2013-02,49.4,63.4,35.5,0.58
2423,2013-03,56.1,69.5,42.8,3.45
2424,2013-04,63.9,76.5,51.2,1.9
2425,2013-05,69.5,83.0,56.1,0.87
2426,2013-06,78.6,93.1,64.1,1.58
2427,2013-07,84.6,101.7,67.6,0.0
2428,2013-08,79.0,95.2,62.8,0.0
2429,2013-09,72.6,86.6,58.5,1.39
2430,2013-10,62.4,78.4,46.4,0.01
2431,2013-11,54.2,68.2,40.2,1.72
2432,2013-12,45.9,61.0,30.8,0.38
2433,2014-01,52.0,68.3,35.6,0.42
2434,2014-02,51.0,60.6,41.3,8.08
2435,2014-03,55.5,66.6,44.3,5.45
2436,2014-04,60.8,75.0,46.5,0.18
2437,2014-05,69.7,85.4,54.0,0.15
2438,2014-06,79.1,94.7,63.6,0.0
2439,2014-07,84.3,100.7,68.0,0.09
2440,2014-08,80.5,96.5,64.5,0.12
2441,2014-09,75.9,92.1,59.7,3.23
2442,2014-10,66.1,79.5,52.7,2.15
2443,2014-11,54.0,64.3,43.6,3.71
2444,2014-12,50.7,56.1,45.2,10.39
2445,2015-01,51.6,64.6,38.7,0.26
2446,2015-02,56.4,68.1,44.6,3.38
2447,2015-03,60.7,74.6,46.9,1.06
2448,2015-04,63.2,77.7,48.7,1.18
2449,2015-05,70.6,83.8,57.4,0.34
2450,2015-06,84.5,100.5,68.4,0.57
2451,2015-07,85.5,99.7,71.2,0.04
2452,2015-08,81.3,97.5,65.2,0.0
2453,2015-09,75.7,92.1,59.3,0.55
2454,2015-10,70.1,84.6,55.5,0.27
2455,2015-11,50.5,63.2,37.8,1.38
2456,2015-12,45.9,53.2,38.7,8.21
2457,2016-01,48.4,54.6,42.2,12.69
2458,2016-02,55.3,67.9,42.7,0.91
2459,2016-03,56.7,66.3,47.0,10.36
2460,2016-04,64.3,77.1,51.5,3.25
2461,2016-05,70.1,82.9,57.3,0.96
2462,2016-06,78.7,93.6,63.9,2.46
2463,2016-07,82.7,98.4,67.0,0.0
2464,2016-08,82.1,99.5,64.7,0.0
2465,2016-09,75.9,92.4,59.4,0.0
2466,2016-10,61.5,71.6,51.5,7.78
2467,2016-11,53.5,63.3,43.6,4.92
2468,2016-12,45.2,55.3,35.0,6.03
2469,2017-01,45.6,53.8,37.4,11.46
2470,2017-02,50.6,58.0,43.2,7.59
2471,2017-03,55.7,65.9,45.5,4.54
2472,2017-04,57.7,68.6,46.7,3.9
2473,2017-05,71.0,85.9,56.1,0.25
2474,2017-06,80.5,95.1,66.0,0.59
2475,2017-07,85.7,103.3,68.1,0.0
2476,2017-08,85.9,102.8,68.9,0.1
2477,2017-09,76.7,91.5,62.0,0.61
2478,2017-10,65.5,82.1,49.0,0.33
2479,2017-11,53.2,61.7,44.8,5.24
2480,2017-12,48.7,62.2,35.3,0.11
2481,2018-01,50.0,58.9,41.0,4.86
2482,2018-02,51.2,64.4,37.9,0.35
2483,2018-03,52.4,63.6,41.2,3.67
2484,2018-04,59.5,72.2,46.8,4.47
2485,2018-05,70.6,84.3,56.9,0.7
2486,2018-06,79.4,95.1,63.8,0.0
2487,2018-07,86.7,103.2,70.3,0.0
2488,2018-08,79.7,97.0,62.3,0.0
2489,2018-09,74.0,92.4,55.6,0.03
2490,2018-10,66.6,81.3,51.9,0.52
2491,2018-11,55.5,69.0,42.1,6.5
2492,2018-12,48.0,57.1,39.0,4.33
2493,2019-01,50.3,59.7,40.9,7.77
2494,2019-02,44.7,52.1,37.3,8.8
2495,2019-03,52.8,62.5,43.2,9.33
2496,2019-04,64.1,75.1,53.0,2.09
2497,2019-05,66.0,79.1,52.9,4.05
2498,2019-06,80.1,94.7,65.6,0.0
2499,2019-07,82.4,98.0,66.7,0.0
2500,2019-08,83.1,98.8,67.4,1.01
2501,2019-09,73.7,87.9,59.4,0.3
2502,2019-10,62.7,78.7,46.7,0.09
2503,2019-11,56.4,72.2,40.5,2.08
2504,2019-12,48.1,55.2,41.1,7.53
2505,2020-01,47.8,56.1,39.5,2.83
2506,2020-02,53.8,68.0,39.7,0.0
2507,2020-03,53.2,64.1,42.4,5.52
2508,2020-04,62.1,75.4,48.8,1.31
2509,2020-05,68.3,81.8,54.8,4.29
2510,2020-06,78.3,93.0,63.6,0.0
2511,2020-07,84.1,101.0,67.2,0.0
2512,2020-08,84.5,101.0,67.9,0.05
2513,2020-09,78.1,94.5,61.6,0.0
